[11-Nov-2025 10:51:28 AM] 🟢 OPTIONS /signin/email 204 - 0 bytes - 1.273 ms
[11-Nov-2025 10:51:28 AM] 🔴 POST /signin/email 401 - 31 bytes - 39.083 ms
[11-Nov-2025 10:51:42 AM] 🟢 OPTIONS /signin/email 204 - 0 bytes - 0.171 ms
[11-Nov-2025 10:51:42 AM] 🔴 POST /signin/email 401 - 31 bytes - 4.484 ms
[11-Nov-2025 11:02:49 AM] 🟢 GET /banners/active 200 - 542 bytes - 46.552 ms
[11-Nov-2025 11:02:49 AM] 🟢 GET /coupons/featured?skip=0 200 - 25 bytes - 36.601 ms
[11-Nov-2025 11:02:49 AM] 🔴 GET /profile 401 - 45 bytes - 1.224 ms
[11-Nov-2025 11:02:49 AM] 🟢 GET /getactive/services/?limit=3 200 - 95 bytes - 68.792 ms
[11-Nov-2025 11:02:49 AM] 🔴 GET /notification 401 - 45 bytes - 1.252 ms
[11-Nov-2025 11:02:49 AM] 🟡 GET /coupons/featured?skip=0 304 - - bytes - 7.913 ms
[11-Nov-2025 11:02:50 AM] 🟢 OPTIONS /refresh-token 204 - 0 bytes - 0.363 ms
[11-Nov-2025 11:02:50 AM] 🔴 POST /refresh-token 401 - 36 bytes - 1.034 ms
[11-Nov-2025 11:02:50 AM] 🔴 POST /refresh-token 401 - 36 bytes - 0.364 ms
[11-Nov-2025 11:03:38 AM] 🟢 OPTIONS /signup 204 - 0 bytes - 0.142 ms
[11-Nov-2025 11:03:38 AM] 🔴 POST /signup 400 - 37 bytes - 9.155 ms
[11-Nov-2025 11:05:12 AM] 🟢 OPTIONS /signup 204 - 0 bytes - 1.256 ms
[11-Nov-2025 11:05:17 AM] 🟢 POST /signup 201 - 95 bytes - 4157.958 ms
[11-Nov-2025 11:05:33 AM] 🟢 OPTIONS /verify-otp 204 - 0 bytes - 0.131 ms
[11-Nov-2025 11:05:33 AM] 🟢 POST /verify-otp 200 - 235 bytes - 98.500 ms
[11-Nov-2025 11:05:33 AM] 🟢 OPTIONS /coupons/featured?skip=0 204 - 0 bytes - 0.112 ms
[11-Nov-2025 11:05:33 AM] 🟢 OPTIONS /coupons/featured?skip=0 204 - 0 bytes - 0.374 ms
[11-Nov-2025 11:05:33 AM] 🟢 OPTIONS /profile 204 - 0 bytes - 0.226 ms
[11-Nov-2025 11:05:33 AM] 🟢 OPTIONS /notification 204 - 0 bytes - 0.173 ms
[11-Nov-2025 11:05:33 AM] 🟡 GET /banners/active 304 - - bytes - 36.924 ms
[11-Nov-2025 11:05:33 AM] 🟢 GET /profile 200 - 146 bytes - 71.816 ms
[11-Nov-2025 11:05:33 AM] 🟡 GET /getactive/services/?limit=3 304 - - bytes - 95.699 ms
[11-Nov-2025 11:05:33 AM] 🟡 GET /coupons/featured?skip=0 304 - - bytes - 20.493 ms
[11-Nov-2025 11:05:33 AM] 🟢 GET /notification 200 - 45 bytes - 47.749 ms
[11-Nov-2025 11:05:33 AM] 🟡 GET /coupons/featured?skip=0 304 - - bytes - 5.988 ms
[11-Nov-2025 11:05:42 AM] 🟢 OPTIONS /logout 204 - 0 bytes - 0.103 ms
[11-Nov-2025 11:05:42 AM] 🟢 GET /logout 200 - 42 bytes - 1.529 ms
[11-Nov-2025 11:06:06 AM] 🟢 OPTIONS /signup 204 - 0 bytes - 0.159 ms
[11-Nov-2025 11:06:09 AM] 🟢 POST /signup 201 - 84 bytes - 3576.028 ms
[11-Nov-2025 11:06:22 AM] 🟢 OPTIONS /verify-otp 204 - 0 bytes - 0.099 ms
[11-Nov-2025 11:06:22 AM] 🟢 POST /verify-otp 200 - 235 bytes - 79.594 ms
[11-Nov-2025 11:06:22 AM] 🟡 GET /banners/active 304 - - bytes - 25.248 ms
[11-Nov-2025 11:06:22 AM] 🟡 GET /getactive/services/?limit=3 304 - - bytes - 34.748 ms
[11-Nov-2025 11:06:22 AM] 🟢 OPTIONS /coupons/featured?skip=0 204 - 0 bytes - 0.130 ms
[11-Nov-2025 11:06:22 AM] 🟢 OPTIONS /coupons/featured?skip=0 204 - 0 bytes - 0.176 ms
[11-Nov-2025 11:06:22 AM] 🟢 OPTIONS /profile 204 - 0 bytes - 0.162 ms
[11-Nov-2025 11:06:22 AM] 🟢 OPTIONS /notification 204 - 0 bytes - 0.142 ms
[11-Nov-2025 11:06:22 AM] 🟡 GET /coupons/featured?skip=0 304 - - bytes - 3.549 ms
[11-Nov-2025 11:06:22 AM] 🟡 GET /coupons/featured?skip=0 304 - - bytes - 10.032 ms
[11-Nov-2025 11:06:22 AM] 🟢 GET /profile 200 - 135 bytes - 18.562 ms
[11-Nov-2025 11:06:22 AM] 🟡 GET /notification 304 - - bytes - 17.452 ms
[11-Nov-2025 11:06:50 AM] 🟢 OPTIONS /logout 204 - 0 bytes - 0.079 ms
[11-Nov-2025 11:06:50 AM] 🟡 GET /logout 304 - - bytes - 0.430 ms
[11-Nov-2025 11:07:19 AM] 🟢 OPTIONS /admin/signin 204 - 0 bytes - 0.121 ms
[11-Nov-2025 11:07:19 AM] 🟢 POST /admin/signin 200 - 443 bytes - 88.852 ms
[11-Nov-2025 11:07:19 AM] 🟢 OPTIONS /admin/profile 204 - 0 bytes - 0.159 ms
[11-Nov-2025 11:07:19 AM] 🟢 OPTIONS /admin/dashboard/payment-info 204 - 0 bytes - 0.147 ms
[11-Nov-2025 11:07:19 AM] 🟢 GET /admin/profile 200 - 134 bytes - 5.791 ms
[11-Nov-2025 11:07:19 AM] 🟢 GET /admin/dashboard/payment-info 200 - 18 bytes - 6.287 ms
[11-Nov-2025 11:07:21 AM] 🟢 OPTIONS /admin/users?page=0&limit=8 204 - 0 bytes - 0.083 ms
[11-Nov-2025 11:07:21 AM] 🟢 OPTIONS /admin/users?page=0&limit=8 204 - 0 bytes - 0.097 ms
[11-Nov-2025 11:07:21 AM] 🟢 GET /admin/users?page=0&limit=8 200 - 285 bytes - 10.207 ms
[11-Nov-2025 11:07:21 AM] 🟡 GET /admin/users?page=0&limit=8 304 - - bytes - 8.018 ms
[11-Nov-2025 11:07:22 AM] 🟢 OPTIONS /admin/serviceProvider?verification=true 204 - 0 bytes - 0.090 ms
[11-Nov-2025 11:07:22 AM] 🟢 GET /admin/serviceProvider?verification=true 200 - 21 bytes - 6.103 ms
[11-Nov-2025 11:07:23 AM] 🟢 OPTIONS /admin/serviceProvider?page=0&limit=3 204 - 0 bytes - 0.077 ms
[11-Nov-2025 11:07:23 AM] 🟢 OPTIONS /admin/serviceProvider?page=0&limit=3 204 - 0 bytes - 0.119 ms
[11-Nov-2025 11:07:23 AM] 🟢 GET /admin/serviceProvider?page=0&limit=3 200 - 21 bytes - 5.554 ms
[11-Nov-2025 11:07:23 AM] 🟡 GET /admin/serviceProvider?page=0&limit=3 304 - - bytes - 5.806 ms
[11-Nov-2025 11:07:24 AM] 🟢 OPTIONS /admin/service?page=0&limit=6 204 - 0 bytes - 0.075 ms
[11-Nov-2025 11:07:24 AM] 🟢 OPTIONS /admin/service?page=0&limit=6 204 - 0 bytes - 0.129 ms
[11-Nov-2025 11:07:24 AM] 🟢 GET /admin/service?page=0&limit=6 200 - 28 bytes - 8.028 ms
[11-Nov-2025 11:07:24 AM] 🟡 GET /admin/service?page=0&limit=6 304 - - bytes - 8.555 ms
[11-Nov-2025 11:07:24 AM] 🟢 OPTIONS /payment/admin/?page=0&limit=6&statusType=serviceStatus 204 - 0 bytes - 0.115 ms
[11-Nov-2025 11:07:24 AM] 🟢 GET /payment/admin/?page=0&limit=6&statusType=serviceStatus 200 - 21 bytes - 7.698 ms
[11-Nov-2025 11:07:25 AM] 🟢 OPTIONS /admin/category 204 - 0 bytes - 0.076 ms
[11-Nov-2025 11:07:25 AM] 🟢 GET /admin/category 200 - 2 bytes - 3.921 ms
[11-Nov-2025 11:07:26 AM] 🟢 OPTIONS /admin/site-settings 204 - 0 bytes - 0.121 ms
[11-Nov-2025 11:07:26 AM] 🟢 GET /admin/site-settings 200 - 2414 bytes - 19.249 ms
[11-Nov-2025 11:07:54 AM] 🟢 OPTIONS /payment/admin/?page=0&limit=6&statusType=serviceStatus 204 - 0 bytes - 0.072 ms
[11-Nov-2025 11:07:54 AM] 🟡 GET /payment/admin/?page=0&limit=6&statusType=serviceStatus 304 - - bytes - 6.696 ms
[11-Nov-2025 11:07:54 AM] 🟢 OPTIONS /admin/category 204 - 0 bytes - 0.087 ms
[11-Nov-2025 11:07:54 AM] 🟡 GET /admin/category 304 - - bytes - 3.971 ms
[11-Nov-2025 11:07:55 AM] 🟢 OPTIONS /admin/site-settings 204 - 0 bytes - 0.118 ms
[11-Nov-2025 11:07:55 AM] 🟡 GET /admin/site-settings 304 - - bytes - 16.215 ms
[11-Nov-2025 11:07:56 AM] 🟢 OPTIONS /admin/wallets/?page=0&limit=6 204 - 0 bytes - 0.096 ms
[11-Nov-2025 11:07:56 AM] 🟢 GET /admin/wallets/?page=0&limit=6 200 - 11 bytes - 3.274 ms
[11-Nov-2025 11:08:00 AM] 🟢 OPTIONS /admin/logs 204 - 0 bytes - 0.118 ms
[11-Nov-2025 11:08:00 AM] 🟢 GET /admin/logs 200 - 6896 bytes - 1.017 ms
[11-Nov-2025 11:08:03 AM] 🟢 OPTIONS /admin/wallets/?page=0&limit=6 204 - 0 bytes - 0.077 ms
[11-Nov-2025 11:08:03 AM] 🟡 GET /admin/wallets/?page=0&limit=6 304 - - bytes - 3.629 ms
[11-Nov-2025 11:08:05 AM] 🟢 OPTIONS /admin/category 204 - 0 bytes - 0.081 ms
[11-Nov-2025 11:08:05 AM] 🟡 GET /admin/category 304 - - bytes - 4.369 ms
[11-Nov-2025 11:08:06 AM] 🟢 OPTIONS /admin/service?page=0&limit=6 204 - 0 bytes - 0.074 ms
[11-Nov-2025 11:08:06 AM] 🟢 OPTIONS /admin/service?page=0&limit=6 204 - 0 bytes - 0.067 ms
[11-Nov-2025 11:08:06 AM] 🟡 GET /admin/service?page=0&limit=6 304 - - bytes - 5.343 ms
[11-Nov-2025 11:08:06 AM] 🟡 GET /admin/service?page=0&limit=6 304 - - bytes - 7.776 ms
[11-Nov-2025 11:08:07 AM] 🟢 OPTIONS /admin/serviceProvider?verification=true 204 - 0 bytes - 0.123 ms
[11-Nov-2025 11:08:07 AM] 🟡 GET /admin/serviceProvider?verification=true 304 - - bytes - 5.468 ms
[11-Nov-2025 11:08:08 AM] 🟢 OPTIONS /admin/users?page=0&limit=8 204 - 0 bytes - 0.075 ms
[11-Nov-2025 11:08:08 AM] 🟢 OPTIONS /admin/users?page=0&limit=8 204 - 0 bytes - 0.079 ms
[11-Nov-2025 11:08:08 AM] 🟡 GET /admin/users?page=0&limit=8 304 - - bytes - 7.338 ms
[11-Nov-2025 11:08:08 AM] 🟡 GET /admin/users?page=0&limit=8 304 - - bytes - 6.254 ms
[11-Nov-2025 11:08:09 AM] 🟢 OPTIONS /admin/dashboard/payment-info 204 - 0 bytes - 0.078 ms
[11-Nov-2025 11:08:09 AM] 🟡 GET /admin/dashboard/payment-info 304 - - bytes - 3.400 ms
[11-Nov-2025 12:29:26 PM] 🟢 OPTIONS /admin/profile 204 - 0 bytes - 0.161 ms
[11-Nov-2025 12:29:26 PM] 🟢 OPTIONS /admin/dashboard/payment-info 204 - 0 bytes - 0.158 ms
[11-Nov-2025 12:29:26 PM] 🔴 GET /admin/profile 401 - 52 bytes - 2.748 ms
[11-Nov-2025 12:29:26 PM] 🔴 GET /admin/dashboard/payment-info 401 - 52 bytes - 2.391 ms
[11-Nov-2025 12:29:26 PM] 🟢 OPTIONS /admin-refresh-token 204 - 0 bytes - 0.126 ms
[11-Nov-2025 12:29:26 PM] 🟢 OPTIONS /admin-refresh-token 204 - 0 bytes - 0.119 ms
[11-Nov-2025 12:29:26 PM] 🟢 POST /admin-refresh-token 200 - 194 bytes - 10.553 ms
[11-Nov-2025 12:29:26 PM] 🟢 POST /admin-refresh-token 200 - 194 bytes - 9.647 ms
[11-Nov-2025 12:29:26 PM] 🟡 GET /admin/profile 304 - - bytes - 6.780 ms
[11-Nov-2025 12:29:26 PM] 🟡 GET /admin/dashboard/payment-info 304 - - bytes - 12.709 ms
[11-Nov-2025 12:29:29 PM] 🟢 OPTIONS /admin/users?page=0&limit=8 204 - 0 bytes - 0.098 ms
[11-Nov-2025 12:29:29 PM] 🟢 OPTIONS /admin/users?page=0&limit=8 204 - 0 bytes - 0.107 ms
[11-Nov-2025 12:29:29 PM] 🟡 GET /admin/users?page=0&limit=8 304 - - bytes - 6.385 ms
[11-Nov-2025 12:29:29 PM] 🟡 GET /admin/users?page=0&limit=8 304 - - bytes - 11.927 ms
[11-Nov-2025 12:29:30 PM] 🟡 GET /admin/dashboard/payment-info 304 - - bytes - 3.063 ms
[11-Nov-2025 12:29:30 PM] 🟢 OPTIONS /admin/serviceProvider?verification=true 204 - 0 bytes - 0.098 ms
[11-Nov-2025 12:29:30 PM] 🟡 GET /admin/serviceProvider?verification=true 304 - - bytes - 11.665 ms
[11-Nov-2025 12:29:32 PM] 🟢 OPTIONS /admin/serviceProvider?page=0&limit=3 204 - 0 bytes - 0.082 ms
[11-Nov-2025 12:29:32 PM] 🟢 OPTIONS /admin/serviceProvider?page=0&limit=3 204 - 0 bytes - 0.074 ms
[11-Nov-2025 12:29:32 PM] 🟡 GET /admin/serviceProvider?page=0&limit=3 304 - - bytes - 4.873 ms
[11-Nov-2025 12:29:32 PM] 🟡 GET /admin/serviceProvider?page=0&limit=3 304 - - bytes - 6.407 ms
[11-Nov-2025 12:29:32 PM] 🟡 GET /admin/serviceProvider?verification=true 304 - - bytes - 5.679 ms
[11-Nov-2025 12:29:33 PM] 🟡 GET /admin/serviceProvider?page=0&limit=3 304 - - bytes - 5.334 ms
[11-Nov-2025 12:29:33 PM] 🟡 GET /admin/serviceProvider?page=0&limit=3 304 - - bytes - 6.560 ms
[11-Nov-2025 12:29:33 PM] 🟢 OPTIONS /admin/service?page=0&limit=6 204 - 0 bytes - 0.079 ms
[11-Nov-2025 12:29:33 PM] 🟢 OPTIONS /admin/service?page=0&limit=6 204 - 0 bytes - 0.082 ms
[11-Nov-2025 12:29:33 PM] 🟡 GET /admin/service?page=0&limit=6 304 - - bytes - 4.685 ms
[11-Nov-2025 12:29:33 PM] 🟡 GET /admin/service?page=0&limit=6 304 - - bytes - 5.382 ms
[11-Nov-2025 12:29:34 PM] 🟢 OPTIONS /payment/admin/?page=0&limit=6&statusType=serviceStatus 204 - 0 bytes - 0.272 ms
[11-Nov-2025 12:29:34 PM] 🟡 GET /payment/admin/?page=0&limit=6&statusType=serviceStatus 304 - - bytes - 7.152 ms
[11-Nov-2025 12:29:34 PM] 🟢 OPTIONS /admin/category 204 - 0 bytes - 0.081 ms
[11-Nov-2025 12:29:34 PM] 🟡 GET /admin/category 304 - - bytes - 3.533 ms
[11-Nov-2025 12:29:36 PM] 🟢 OPTIONS /admin/site-settings 204 - 0 bytes - 0.077 ms
[11-Nov-2025 12:29:36 PM] 🟡 GET /admin/site-settings 304 - - bytes - 15.861 ms
[11-Nov-2025 12:29:37 PM] 🟢 OPTIONS /admin/wallets/?page=0&limit=6 204 - 0 bytes - 0.104 ms
[11-Nov-2025 12:29:37 PM] 🟡 GET /admin/wallets/?page=0&limit=6 304 - - bytes - 3.901 ms
[11-Nov-2025 12:29:37 PM] 🟢 OPTIONS /admin/logs 204 - 0 bytes - 0.096 ms
[11-Nov-2025 12:29:37 PM] 🟢 GET /admin/logs 200 - 11820 bytes - 0.577 ms
[11-Nov-2025 12:29:38 PM] 🟡 GET /admin/wallets/?page=0&limit=6 304 - - bytes - 2.057 ms
[11-Nov-2025 12:29:43 PM] 🟢 OPTIONS /admin/category 204 - 0 bytes - 0.142 ms
[11-Nov-2025 12:29:43 PM] 🟡 GET /admin/category 304 - - bytes - 3.100 ms
[11-Nov-2025 12:29:43 PM] 🟢 OPTIONS /payment/admin/?page=0&limit=6&statusType=serviceStatus 204 - 0 bytes - 0.091 ms
[11-Nov-2025 12:29:43 PM] 🟡 GET /payment/admin/?page=0&limit=6&statusType=serviceStatus 304 - - bytes - 6.124 ms
[11-Nov-2025 12:29:44 PM] 🟢 OPTIONS /admin/service?page=0&limit=6 204 - 0 bytes - 0.075 ms
[11-Nov-2025 12:29:44 PM] 🟢 OPTIONS /admin/service?page=0&limit=6 204 - 0 bytes - 0.082 ms
[11-Nov-2025 12:29:44 PM] 🟡 GET /admin/service?page=0&limit=6 304 - - bytes - 5.392 ms
[11-Nov-2025 12:29:44 PM] 🟡 GET /admin/service?page=0&limit=6 304 - - bytes - 6.457 ms
[11-Nov-2025 12:29:45 PM] 🟢 OPTIONS /admin/serviceProvider?page=0&limit=3 204 - 0 bytes - 0.082 ms
[11-Nov-2025 12:29:45 PM] 🟢 OPTIONS /admin/serviceProvider?page=0&limit=3 204 - 0 bytes - 0.145 ms
[11-Nov-2025 12:29:45 PM] 🟡 GET /admin/serviceProvider?page=0&limit=3 304 - - bytes - 4.084 ms
[11-Nov-2025 12:29:45 PM] 🟡 GET /admin/serviceProvider?page=0&limit=3 304 - - bytes - 9.423 ms
[11-Nov-2025 12:29:46 PM] 🟢 OPTIONS /admin/users?page=0&limit=8 204 - 0 bytes - 0.080 ms
[11-Nov-2025 12:29:46 PM] 🟢 OPTIONS /admin/users?page=0&limit=8 204 - 0 bytes - 0.106 ms
[11-Nov-2025 12:29:46 PM] 🟡 GET /admin/users?page=0&limit=8 304 - - bytes - 7.930 ms
[11-Nov-2025 12:29:46 PM] 🟡 GET /admin/users?page=0&limit=8 304 - - bytes - 13.827 ms
[11-Nov-2025 12:29:47 PM] 🟢 OPTIONS /admin/dashboard/payment-info 204 - 0 bytes - 0.158 ms
[11-Nov-2025 12:29:47 PM] 🟡 GET /admin/dashboard/payment-info 304 - - bytes - 2.545 ms
[11-Nov-2025 12:29:48 PM] 🟢 OPTIONS /admin/serviceProvider?verification=true 204 - 0 bytes - 0.087 ms
[11-Nov-2025 12:29:48 PM] 🟡 GET /admin/serviceProvider?verification=true 304 - - bytes - 4.618 ms
[11-Nov-2025 12:29:48 PM] 🟡 GET /admin/serviceProvider?page=0&limit=3 304 - - bytes - 4.950 ms
[11-Nov-2025 12:29:48 PM] 🟡 GET /admin/serviceProvider?page=0&limit=3 304 - - bytes - 5.435 ms
[11-Nov-2025 12:29:49 PM] 🟡 GET /admin/serviceProvider?verification=true 304 - - bytes - 5.119 ms
[11-Nov-2025 12:29:51 PM] 🟡 GET /admin/users?page=0&limit=8 304 - - bytes - 4.768 ms
[11-Nov-2025 12:29:51 PM] 🟡 GET /admin/users?page=0&limit=8 304 - - bytes - 6.363 ms
[11-Nov-2025 12:29:52 PM] 🟢 OPTIONS /admin/dashboard/payment-info 204 - 0 bytes - 0.133 ms
[11-Nov-2025 12:29:52 PM] 🟡 GET /admin/dashboard/payment-info 304 - - bytes - 3.108 ms
[11-Nov-2025 12:29:53 PM] 🟢 OPTIONS /admin/users?page=0&limit=8 204 - 0 bytes - 0.104 ms
[11-Nov-2025 12:29:53 PM] 🟢 OPTIONS /admin/users?page=0&limit=8 204 - 0 bytes - 0.098 ms
[11-Nov-2025 12:29:53 PM] 🟡 GET /admin/users?page=0&limit=8 304 - - bytes - 5.592 ms
[11-Nov-2025 12:29:53 PM] 🟡 GET /admin/users?page=0&limit=8 304 - - bytes - 18.655 ms
[11-Nov-2025 12:29:53 PM] 🟢 OPTIONS /admin/serviceProvider?verification=true 204 - 0 bytes - 0.135 ms
[11-Nov-2025 12:29:53 PM] 🟡 GET /admin/serviceProvider?verification=true 304 - - bytes - 5.151 ms
[11-Nov-2025 12:29:56 PM] 🟢 OPTIONS /admin/category 204 - 0 bytes - 0.074 ms
[11-Nov-2025 12:29:56 PM] 🟡 GET /admin/category 304 - - bytes - 3.293 ms
[11-Nov-2025 12:29:58 PM] 🟢 OPTIONS /admin/wallets/?page=0&limit=6 204 - 0 bytes - 0.076 ms
[11-Nov-2025 12:29:58 PM] 🟡 GET /admin/wallets/?page=0&limit=6 304 - - bytes - 2.509 ms
[11-Nov-2025 12:29:59 PM] 🟢 OPTIONS /admin/logs 204 - 0 bytes - 0.119 ms
[11-Nov-2025 12:29:59 PM] 🟢 GET /admin/logs 200 - 15540 bytes - 0.722 ms
[11-Nov-2025 12:30:00 PM] 🟡 GET /admin/wallets/?page=0&limit=6 304 - - bytes - 2.262 ms
[11-Nov-2025 12:30:01 PM] 🟢 OPTIONS /admin/site-settings 204 - 0 bytes - 0.083 ms
[11-Nov-2025 12:30:01 PM] 🟡 GET /admin/site-settings 304 - - bytes - 11.455 ms
[11-Nov-2025 12:30:19 PM] 🟢 OPTIONS /payment/admin/?page=0&limit=6&statusType=serviceStatus 204 - 0 bytes - 0.086 ms
[11-Nov-2025 12:30:19 PM] 🟡 GET /payment/admin/?page=0&limit=6&statusType=serviceStatus 304 - - bytes - 6.091 ms
[11-Nov-2025 12:30:20 PM] 🟢 OPTIONS /admin/service?page=0&limit=6 204 - 0 bytes - 0.104 ms
[11-Nov-2025 12:30:20 PM] 🟢 OPTIONS /admin/service?page=0&limit=6 204 - 0 bytes - 0.100 ms
[11-Nov-2025 12:30:20 PM] 🟡 GET /admin/service?page=0&limit=6 304 - - bytes - 5.021 ms
[11-Nov-2025 12:30:20 PM] 🟡 GET /admin/service?page=0&limit=6 304 - - bytes - 6.722 ms
[11-Nov-2025 12:30:21 PM] 🟢 OPTIONS /admin/serviceProvider?page=0&limit=3 204 - 0 bytes - 0.085 ms
[11-Nov-2025 12:30:21 PM] 🟢 OPTIONS /admin/serviceProvider?page=0&limit=3 204 - 0 bytes - 0.078 ms
[11-Nov-2025 12:30:21 PM] 🟡 GET /admin/serviceProvider?page=0&limit=3 304 - - bytes - 4.612 ms
[11-Nov-2025 12:30:21 PM] 🟡 GET /admin/serviceProvider?page=0&limit=3 304 - - bytes - 7.504 ms
[11-Nov-2025 12:30:23 PM] 🟢 OPTIONS /admin/serviceProvider?verification=true 204 - 0 bytes - 0.073 ms
[11-Nov-2025 12:30:23 PM] 🟡 GET /admin/serviceProvider?verification=true 304 - - bytes - 3.899 ms
[11-Nov-2025 12:30:27 PM] 🟢 OPTIONS /admin/dashboard/payment-info 204 - 0 bytes - 0.112 ms
[11-Nov-2025 12:30:27 PM] 🟡 GET /admin/dashboard/payment-info 304 - - bytes - 2.418 ms
[11-Nov-2025 12:31:06 PM] 🟢 OPTIONS /admin/profile 204 - 0 bytes - 0.076 ms
[11-Nov-2025 12:31:06 PM] 🟢 OPTIONS /admin/dashboard/payment-info 204 - 0 bytes - 0.078 ms
[11-Nov-2025 12:31:06 PM] 🟡 GET /admin/profile 304 - - bytes - 8.178 ms
[11-Nov-2025 12:31:06 PM] 🟡 GET /admin/dashboard/payment-info 304 - - bytes - 6.813 ms
[11-Nov-2025 12:31:07 PM] 🟢 GET /banners/active 200 - 542 bytes - 18.922 ms
[11-Nov-2025 12:31:07 PM] 🔴 GET /profile 401 - 45 bytes - 4.846 ms
[11-Nov-2025 12:31:07 PM] 🟢 GET /getactive/services/?limit=3 200 - 95 bytes - 31.348 ms
[11-Nov-2025 12:31:07 PM] 🟢 GET /coupons/featured?skip=0 200 - 25 bytes - 24.117 ms
[11-Nov-2025 12:31:07 PM] 🔴 GET /notification 401 - 45 bytes - 0.819 ms
[11-Nov-2025 12:31:07 PM] 🟡 GET /coupons/featured?skip=0 304 - - bytes - 4.873 ms
[11-Nov-2025 12:31:07 PM] 🟢 OPTIONS /refresh-token 204 - 0 bytes - 0.112 ms
[11-Nov-2025 12:31:07 PM] 🔴 POST /refresh-token 401 - 36 bytes - 0.823 ms
[11-Nov-2025 12:31:07 PM] 🔴 POST /refresh-token 401 - 36 bytes - 0.335 ms
[11-Nov-2025 12:31:11 PM] 🟢 OPTIONS /signin/email 204 - 0 bytes - 0.084 ms
[11-Nov-2025 12:31:11 PM] 🟢 POST /signin/email 200 - 194 bytes - 92.445 ms
[11-Nov-2025 12:31:12 PM] 🟢 OPTIONS /coupons/featured?skip=0 204 - 0 bytes - 0.075 ms
[11-Nov-2025 12:31:12 PM] 🟢 OPTIONS /coupons/featured?skip=0 204 - 0 bytes - 0.084 ms
[11-Nov-2025 12:31:12 PM] 🟢 OPTIONS /profile 204 - 0 bytes - 0.090 ms
[11-Nov-2025 12:31:12 PM] 🟢 OPTIONS /notification 204 - 0 bytes - 0.270 ms
[11-Nov-2025 12:31:12 PM] 🟡 GET /banners/active 304 - - bytes - 37.671 ms
[11-Nov-2025 12:31:12 PM] 🟡 GET /getactive/services/?limit=3 304 - - bytes - 56.863 ms
[11-Nov-2025 12:31:12 PM] 🟡 GET /coupons/featured?skip=0 304 - - bytes - 32.564 ms
[11-Nov-2025 12:31:12 PM] 🟢 GET /profile 200 - 146 bytes - 43.294 ms
[11-Nov-2025 12:31:12 PM] 🟡 GET /coupons/featured?skip=0 304 - - bytes - 8.398 ms
[11-Nov-2025 12:31:12 PM] 🟢 GET /notification 200 - 45 bytes - 51.637 ms
[11-Nov-2025 12:31:17 PM] 🟢 OPTIONS /service-providers/ 204 - 0 bytes - 0.141 ms
[11-Nov-2025 12:31:17 PM] 🟢 OPTIONS /service-providers/subscription-plans 204 - 0 bytes - 0.110 ms
[11-Nov-2025 12:31:17 PM] 🟢 OPTIONS /profile 204 - 0 bytes - 0.364 ms
[11-Nov-2025 12:31:17 PM] 💥 GET /service-providers/ 500 - 36 bytes - 12.331 ms
[11-Nov-2025 12:31:17 PM] 🟢 GET /service-providers/subscription-plans 200 - 400 bytes - 13.741 ms
[11-Nov-2025 12:31:17 PM] 🟡 GET /profile 304 - - bytes - 21.153 ms
[11-Nov-2025 12:31:28 PM] 🟢 OPTIONS /service-providers/ 204 - 0 bytes - 0.079 ms
[11-Nov-2025 12:31:28 PM] 🟢 OPTIONS /service-providers/subscription-plans 204 - 0 bytes - 0.150 ms
[11-Nov-2025 12:31:28 PM] 🟢 OPTIONS /profile 204 - 0 bytes - 0.080 ms
[11-Nov-2025 12:31:28 PM] 💥 GET /service-providers/ 500 - 36 bytes - 6.673 ms
[11-Nov-2025 12:31:28 PM] 🟡 GET /service-providers/subscription-plans 304 - - bytes - 11.084 ms
[11-Nov-2025 12:31:28 PM] 🟡 GET /profile 304 - - bytes - 8.229 ms
[11-Nov-2025 12:31:34 PM] 🟢 OPTIONS /coupons/featured?skip=0 204 - 0 bytes - 0.173 ms
[11-Nov-2025 12:31:34 PM] 🟢 OPTIONS /coupons/featured?skip=0 204 - 0 bytes - 0.112 ms
[11-Nov-2025 12:31:34 PM] 🟢 OPTIONS /profile 204 - 0 bytes - 0.152 ms
[11-Nov-2025 12:31:34 PM] 🟢 OPTIONS /notification 204 - 0 bytes - 0.134 ms
[11-Nov-2025 12:31:37 PM] 🟢 OPTIONS /service-providers/ 204 - 0 bytes - 0.779 ms
[11-Nov-2025 12:31:37 PM] 🟢 OPTIONS /service-providers/subscription-plans 204 - 0 bytes - 0.178 ms
[11-Nov-2025 12:31:37 PM] 🟡 GET /profile 304 - - bytes - 13.751 ms
[11-Nov-2025 12:31:37 PM] 💥 GET /service-providers/ 500 - 36 bytes - 19.650 ms
[11-Nov-2025 12:31:37 PM] 🟡 GET /service-providers/subscription-plans 304 - - bytes - 17.948 ms
[11-Nov-2025 12:31:45 PM] 🟢 OPTIONS /payment/subscription/createOrder 204 - 0 bytes - 0.091 ms
[11-Nov-2025 12:31:45 PM] 🔴 POST /payment/subscription/createOrder 400 - 61 bytes - 1.682 ms
[11-Nov-2025 12:39:38 PM] 🟢 OPTIONS /location/autocomplete?query=sulthan 204 - 0 bytes - 0.071 ms
[11-Nov-2025 12:39:38 PM] 🟢 GET /location/autocomplete?query=sulthan 200 - 512 bytes - 501.592 ms
[11-Nov-2025 12:45:31 PM] 🟢 OPTIONS /service-providers/register 204 - 0 bytes - 0.070 ms
[11-Nov-2025 12:45:40 PM] 🟢 POST /service-providers/register 201 - 1796 bytes - 9429.427 ms
[11-Nov-2025 12:45:40 PM] 🟢 OPTIONS /service-providers/get-paymentinfo 204 - 0 bytes - 0.110 ms
[11-Nov-2025 12:45:40 PM] 🔴 GET /service-providers/get-paymentinfo 400 - 61 bytes - 1.766 ms
[11-Nov-2025 12:46:01 PM] 🟢 OPTIONS /coupons/featured?skip=0 204 - 0 bytes - 0.064 ms
[11-Nov-2025 12:46:01 PM] 🟢 OPTIONS /coupons/featured?skip=0 204 - 0 bytes - 0.076 ms
[11-Nov-2025 12:46:01 PM] 🟡 GET /banners/active 304 - - bytes - 11.848 ms
[11-Nov-2025 12:46:01 PM] 🟢 OPTIONS /notification 204 - 0 bytes - 0.097 ms
[11-Nov-2025 12:46:01 PM] 🟡 GET /getactive/services/?limit=3 304 - - bytes - 19.577 ms
[11-Nov-2025 12:46:01 PM] 🟡 GET /coupons/featured?skip=0 304 - - bytes - 8.956 ms
[11-Nov-2025 12:46:01 PM] 🟡 GET /notification 304 - - bytes - 8.708 ms
[11-Nov-2025 12:46:01 PM] 🟡 GET /coupons/featured?skip=0 304 - - bytes - 3.599 ms
[11-Nov-2025 12:46:04 PM] 🟢 OPTIONS /service-providers/ 204 - 0 bytes - 0.100 ms
[11-Nov-2025 12:46:04 PM] 🟢 OPTIONS /service-providers/subscription-plans 204 - 0 bytes - 0.264 ms
[11-Nov-2025 12:46:04 PM] 🟢 OPTIONS /profile 204 - 0 bytes - 0.104 ms
[11-Nov-2025 12:46:04 PM] 🟢 GET /service-providers/ 201 - 1771 bytes - 15.282 ms
[11-Nov-2025 12:46:04 PM] 🟡 GET /service-providers/subscription-plans 304 - - bytes - 17.845 ms
[11-Nov-2025 12:46:04 PM] 🟢 GET /profile 200 - 191 bytes - 24.317 ms
[11-Nov-2025 12:46:07 PM] 🟢 OPTIONS /coupons/featured?skip=0 204 - 0 bytes - 0.239 ms
[11-Nov-2025 12:46:07 PM] 🟢 OPTIONS /coupons/featured?skip=0 204 - 0 bytes - 0.094 ms
[11-Nov-2025 12:46:07 PM] 🟢 OPTIONS /notification 204 - 0 bytes - 0.125 ms
[11-Nov-2025 12:46:07 PM] 🟡 GET /banners/active 304 - - bytes - 20.910 ms
[11-Nov-2025 12:46:07 PM] 🟡 GET /getactive/services/?limit=3 304 - - bytes - 44.128 ms
[11-Nov-2025 12:46:07 PM] 🟡 GET /coupons/featured?skip=0 304 - - bytes - 22.146 ms
[11-Nov-2025 12:46:07 PM] 🟡 GET /notification 304 - - bytes - 35.670 ms
[11-Nov-2025 12:46:07 PM] 🟡 GET /coupons/featured?skip=0 304 - - bytes - 11.220 ms
[11-Nov-2025 12:46:09 PM] 🟢 OPTIONS /service-providers/ 204 - 0 bytes - 0.139 ms
[11-Nov-2025 12:46:09 PM] 🟢 OPTIONS /service-providers/subscription-plans 204 - 0 bytes - 0.125 ms
[11-Nov-2025 12:46:09 PM] 🟢 OPTIONS /profile 204 - 0 bytes - 0.117 ms
[11-Nov-2025 12:46:09 PM] 🟢 GET /service-providers/ 201 - 1771 bytes - 20.947 ms
[11-Nov-2025 12:46:09 PM] 🟡 GET /service-providers/subscription-plans 304 - - bytes - 22.188 ms
[11-Nov-2025 12:46:09 PM] 🟡 GET /profile 304 - - bytes - 26.056 ms
[11-Nov-2025 12:46:10 PM] 🟡 GET /banners/active 304 - - bytes - 13.568 ms
[11-Nov-2025 12:46:10 PM] 🟡 GET /coupons/featured?skip=0 304 - - bytes - 15.684 ms
[11-Nov-2025 12:46:10 PM] 🟡 GET /getactive/services/?limit=3 304 - - bytes - 28.755 ms
[11-Nov-2025 12:46:10 PM] 🟡 GET /coupons/featured?skip=0 304 - - bytes - 8.384 ms
[11-Nov-2025 12:46:10 PM] 🟡 GET /notification 304 - - bytes - 34.929 ms
[11-Nov-2025 12:46:18 PM] 🟢 OPTIONS /coupons/featured?skip=0 204 - 0 bytes - 0.133 ms
[11-Nov-2025 12:46:18 PM] 🟡 GET /banners/active 304 - - bytes - 19.243 ms
[11-Nov-2025 12:46:18 PM] 🟢 OPTIONS /coupons/featured?skip=0 204 - 0 bytes - 0.114 ms
[11-Nov-2025 12:46:18 PM] 🟡 GET /getactive/services/?limit=3 304 - - bytes - 28.727 ms
[11-Nov-2025 12:46:18 PM] 🟢 OPTIONS /profile 204 - 0 bytes - 0.097 ms
[11-Nov-2025 12:46:18 PM] 🟢 OPTIONS /notification 204 - 0 bytes - 0.092 ms
[11-Nov-2025 12:46:18 PM] 🔴 GET /profile 401 - 52 bytes - 1.124 ms
[11-Nov-2025 12:46:18 PM] 🟡 GET /coupons/featured?skip=0 304 - - bytes - 7.276 ms
[11-Nov-2025 12:46:18 PM] 🔴 GET /notification 401 - 52 bytes - 1.925 ms
[11-Nov-2025 12:46:18 PM] 🟡 GET /coupons/featured?skip=0 304 - - bytes - 6.956 ms
[11-Nov-2025 12:46:18 PM] 🟢 OPTIONS /refresh-token 204 - 0 bytes - 0.153 ms
[11-Nov-2025 12:46:18 PM] 🟢 POST /refresh-token 200 - 194 bytes - 21.470 ms
[11-Nov-2025 12:46:18 PM] 🟢 POST /refresh-token 200 - 194 bytes - 12.069 ms
[11-Nov-2025 12:46:19 PM] 🟡 GET /profile 304 - - bytes - 14.337 ms
[11-Nov-2025 12:46:19 PM] 🟡 GET /notification 304 - - bytes - 9.192 ms
[11-Nov-2025 12:46:22 PM] 🟡 GET /banners/active 304 - - bytes - 9.132 ms
[11-Nov-2025 12:46:22 PM] 🟡 GET /getactive/services/?limit=3 304 - - bytes - 25.903 ms
[11-Nov-2025 12:46:22 PM] 🟡 GET /coupons/featured?skip=0 304 - - bytes - 13.600 ms
[11-Nov-2025 12:46:22 PM] 🟡 GET /profile 304 - - bytes - 16.041 ms
[11-Nov-2025 12:46:22 PM] 🟡 GET /coupons/featured?skip=0 304 - - bytes - 3.718 ms
[11-Nov-2025 12:46:22 PM] 🟡 GET /notification 304 - - bytes - 22.208 ms
[11-Nov-2025 12:46:23 PM] 🟢 OPTIONS /service-providers/verify 204 - 0 bytes - 0.111 ms
[11-Nov-2025 12:46:23 PM] 🟢 GET /service-providers/verify 200 - 39 bytes - 10.140 ms
[11-Nov-2025 12:46:23 PM] 🟢 OPTIONS /service-providers/ 204 - 0 bytes - 0.288 ms
[11-Nov-2025 12:46:23 PM] 🟢 OPTIONS /service-providers/subscription-plans 204 - 0 bytes - 0.112 ms
[11-Nov-2025 12:46:23 PM] 🟢 OPTIONS /service-providers/get-paymentinfo 204 - 0 bytes - 0.099 ms
[11-Nov-2025 12:46:23 PM] 🟢 GET /service-providers/ 201 - 1771 bytes - 20.813 ms
[11-Nov-2025 12:46:23 PM] 🟡 GET /service-providers/subscription-plans 304 - - bytes - 18.912 ms
[11-Nov-2025 12:46:23 PM] 🟢 GET /service-providers/get-paymentinfo 200 - 18 bytes - 18.391 ms
[11-Nov-2025 12:46:40 PM] 🟢 OPTIONS /service-providers/ 204 - 0 bytes - 0.116 ms
[11-Nov-2025 12:46:40 PM] 🟢 OPTIONS /service-providers/subscription-plans 204 - 0 bytes - 0.081 ms
[11-Nov-2025 12:46:40 PM] 🟢 OPTIONS /service-providers/get-paymentinfo 204 - 0 bytes - 0.165 ms
[11-Nov-2025 12:46:40 PM] 🟢 GET /service-providers/ 201 - 1771 bytes - 8.272 ms
[11-Nov-2025 12:46:40 PM] 🟡 GET /service-providers/subscription-plans 304 - - bytes - 14.088 ms
[11-Nov-2025 12:46:40 PM] 🟡 GET /service-providers/get-paymentinfo 304 - - bytes - 14.718 ms
[11-Nov-2025 12:47:09 PM] 🟢 OPTIONS /admin/profile 204 - 0 bytes - 0.118 ms
[11-Nov-2025 12:47:09 PM] 🟢 OPTIONS /admin/dashboard/payment-info 204 - 0 bytes - 0.159 ms
[11-Nov-2025 12:47:09 PM] 🔴 GET /admin/profile 401 - 52 bytes - 1.816 ms
[11-Nov-2025 12:47:09 PM] 🔴 GET /admin/dashboard/payment-info 401 - 52 bytes - 1.537 ms
[11-Nov-2025 12:47:09 PM] 🟢 OPTIONS /admin-refresh-token 204 - 0 bytes - 0.117 ms
[11-Nov-2025 12:47:09 PM] 🟢 OPTIONS /admin-refresh-token 204 - 0 bytes - 0.138 ms
[11-Nov-2025 12:47:10 PM] 🟢 POST /admin-refresh-token 200 - 194 bytes - 12.223 ms
[11-Nov-2025 12:47:10 PM] 🟢 POST /admin-refresh-token 200 - 194 bytes - 10.315 ms
[11-Nov-2025 12:47:10 PM] 🟡 GET /admin/profile 304 - - bytes - 12.091 ms
[11-Nov-2025 12:47:10 PM] 🟡 GET /admin/dashboard/payment-info 304 - - bytes - 10.932 ms
[11-Nov-2025 12:47:11 PM] 🟢 OPTIONS /admin/users?page=0&limit=8 204 - 0 bytes - 0.085 ms
[11-Nov-2025 12:47:11 PM] 🟢 OPTIONS /admin/users?page=0&limit=8 204 - 0 bytes - 0.114 ms
[11-Nov-2025 12:47:11 PM] 🟢 GET /admin/users?page=0&limit=8 200 - 330 bytes - 7.103 ms
[11-Nov-2025 12:47:11 PM] 🟡 GET /admin/users?page=0&limit=8 304 - - bytes - 12.170 ms
[11-Nov-2025 12:47:11 PM] 🟢 OPTIONS /admin/serviceProvider?verification=true 204 - 0 bytes - 0.102 ms
[11-Nov-2025 12:47:11 PM] 🟢 GET /admin/serviceProvider?verification=true 200 - 1743 bytes - 13.489 ms
[11-Nov-2025 12:47:27 PM] 🟢 OPTIONS /admin/serviceProvider/verify 204 - 0 bytes - 0.073 ms
[11-Nov-2025 12:47:27 PM] 🟢 PATCH /admin/serviceProvider/verify 200 - 1732 bytes - 5.222 ms
[11-Nov-2025 12:47:27 PM] 🟢 OPTIONS /admin/serviceProvider?verification=true 204 - 0 bytes - 0.109 ms
[11-Nov-2025 12:47:27 PM] 🟢 GET /admin/serviceProvider?verification=true 200 - 1744 bytes - 16.945 ms
[11-Nov-2025 12:47:29 PM] 🟢 OPTIONS /service-providers/ 204 - 0 bytes - 0.113 ms
[11-Nov-2025 12:47:29 PM] 🟢 OPTIONS /service-providers/subscription-plans 204 - 0 bytes - 0.072 ms
[11-Nov-2025 12:47:29 PM] 🟢 OPTIONS /service-providers/get-paymentinfo 204 - 0 bytes - 0.074 ms
[11-Nov-2025 12:47:29 PM] 🟢 GET /service-providers/ 201 - 1772 bytes - 8.406 ms
[11-Nov-2025 12:47:29 PM] 🟡 GET /service-providers/subscription-plans 304 - - bytes - 7.057 ms
[11-Nov-2025 12:47:29 PM] 🟡 GET /service-providers/get-paymentinfo 304 - - bytes - 5.992 ms
[11-Nov-2025 12:47:40 PM] 🟢 OPTIONS /service-providers/get-paymentinfo 204 - 0 bytes - 0.107 ms
[11-Nov-2025 12:47:40 PM] 🟡 GET /service-providers/get-paymentinfo 304 - - bytes - 4.062 ms
[11-Nov-2025 12:47:59 PM] 🟢 OPTIONS /admin/users?page=0&limit=8 204 - 0 bytes - 0.076 ms
[11-Nov-2025 12:47:59 PM] 🟢 OPTIONS /admin/users?page=0&limit=8 204 - 0 bytes - 0.077 ms
[11-Nov-2025 12:47:59 PM] 🟡 GET /admin/users?page=0&limit=8 304 - - bytes - 12.389 ms
[11-Nov-2025 12:47:59 PM] 🟡 GET /admin/users?page=0&limit=8 304 - - bytes - 10.651 ms
[11-Nov-2025 12:48:00 PM] 🟢 OPTIONS /admin/serviceProvider?verification=true 204 - 0 bytes - 0.087 ms
[11-Nov-2025 12:48:00 PM] 🟡 GET /admin/serviceProvider?verification=true 304 - - bytes - 8.949 ms
[11-Nov-2025 12:48:01 PM] 🟢 OPTIONS /admin/service?page=0&limit=6 204 - 0 bytes - 0.078 ms
[11-Nov-2025 12:48:01 PM] 🟢 OPTIONS /admin/service?page=0&limit=6 204 - 0 bytes - 0.070 ms
[11-Nov-2025 12:48:01 PM] 🟡 GET /admin/service?page=0&limit=6 304 - - bytes - 6.285 ms
[11-Nov-2025 12:48:01 PM] 🟡 GET /admin/service?page=0&limit=6 304 - - bytes - 6.219 ms
[11-Nov-2025 12:48:01 PM] 🟢 OPTIONS /payment/admin/?page=0&limit=6&statusType=serviceStatus 204 - 0 bytes - 0.070 ms
[11-Nov-2025 12:48:01 PM] 🟡 GET /payment/admin/?page=0&limit=6&statusType=serviceStatus 304 - - bytes - 5.894 ms
[11-Nov-2025 12:48:02 PM] 🟢 OPTIONS /admin/category 204 - 0 bytes - 0.094 ms
[11-Nov-2025 12:48:02 PM] 🟡 GET /admin/category 304 - - bytes - 2.997 ms
[11-Nov-2025 12:48:02 PM] 🟢 OPTIONS /admin/site-settings 204 - 0 bytes - 0.073 ms
[11-Nov-2025 12:48:02 PM] 🟡 GET /admin/site-settings 304 - - bytes - 12.342 ms
[11-Nov-2025 12:48:03 PM] 🟢 OPTIONS /admin/wallets/?page=0&limit=6 204 - 0 bytes - 0.088 ms
[11-Nov-2025 12:48:03 PM] 🟡 GET /admin/wallets/?page=0&limit=6 304 - - bytes - 2.294 ms
[11-Nov-2025 12:48:05 PM] 🟢 OPTIONS /admin/logs 204 - 0 bytes - 0.105 ms
[11-Nov-2025 12:48:05 PM] 🟢 GET /admin/logs 200 - 31948 bytes - 1.368 ms
[11-Nov-2025 12:48:06 PM] 🟡 GET /admin/wallets/?page=0&limit=6 304 - - bytes - 2.929 ms
[11-Nov-2025 12:48:07 PM] 🟢 GET /admin/logs 200 - 32115 bytes - 0.869 ms
[11-Nov-2025 12:48:08 PM] 🟢 OPTIONS /admin/wallets/?page=0&limit=6 204 - 0 bytes - 0.088 ms
[11-Nov-2025 12:48:08 PM] 🟡 GET /admin/wallets/?page=0&limit=6 304 - - bytes - 4.760 ms
[11-Nov-2025 12:48:09 PM] 🟢 OPTIONS /admin/site-settings 204 - 0 bytes - 0.114 ms
[11-Nov-2025 12:48:09 PM] 🟡 GET /admin/site-settings 304 - - bytes - 22.883 ms
[11-Nov-2025 12:48:10 PM] 🟡 GET /admin/wallets/?page=0&limit=6 304 - - bytes - 3.564 ms
[11-Nov-2025 12:48:12 PM] 🟢 OPTIONS /service/ 204 - 0 bytes - 0.126 ms
[11-Nov-2025 12:48:12 PM] 🟢 GET /service/ 200 - 18 bytes - 26.550 ms
[11-Nov-2025 12:48:14 PM] 🟢 OPTIONS /service-providers/get-paymentinfo 204 - 0 bytes - 0.081 ms
[11-Nov-2025 12:48:14 PM] 🟡 GET /service-providers/get-paymentinfo 304 - - bytes - 6.607 ms
[11-Nov-2025 12:48:15 PM] 🟡 GET /service/ 304 - - bytes - 5.238 ms
[11-Nov-2025 12:48:15 PM] 🟡 GET /service-providers/get-paymentinfo 304 - - bytes - 4.767 ms
[11-Nov-2025 12:48:16 PM] 🟡 GET /service/ 304 - - bytes - 4.831 ms
[11-Nov-2025 12:48:16 PM] 🟡 GET /service-providers/get-paymentinfo 304 - - bytes - 6.818 ms
[11-Nov-2025 12:48:16 PM] 🟡 GET /service/ 304 - - bytes - 3.371 ms
[11-Nov-2025 12:48:18 PM] 🟡 GET /service-providers/get-paymentinfo 304 - - bytes - 5.967 ms
[11-Nov-2025 12:48:18 PM] 🟢 OPTIONS /service/ 204 - 0 bytes - 0.074 ms
[11-Nov-2025 12:48:18 PM] 🟡 GET /service/ 304 - - bytes - 5.328 ms
[11-Nov-2025 12:48:19 PM] 🟢 OPTIONS /service-providers/get-paymentinfo 204 - 0 bytes - 0.104 ms
[11-Nov-2025 12:48:19 PM] 🟡 GET /service-providers/get-paymentinfo 304 - - bytes - 5.410 ms
[11-Nov-2025 01:03:40 PM] 🟢 OPTIONS /service/ 204 - 0 bytes - 0.074 ms
[11-Nov-2025 01:03:40 PM] 🔴 GET /service/ 401 - 52 bytes - 1.403 ms
[11-Nov-2025 01:03:40 PM] 🟢 OPTIONS /refresh-token 204 - 0 bytes - 0.112 ms
[11-Nov-2025 01:03:40 PM] 🟢 POST /refresh-token 200 - 194 bytes - 3.373 ms
[11-Nov-2025 01:03:40 PM] 🟡 GET /service/ 304 - - bytes - 4.162 ms
[11-Nov-2025 01:03:41 PM] 🟢 OPTIONS /payment/service-provider/ 204 - 0 bytes - 0.089 ms
[11-Nov-2025 01:03:41 PM] 🟢 GET /payment/service-provider/ 200 - 2 bytes - 4.340 ms
[11-Nov-2025 01:03:41 PM] 🟡 GET /service/ 304 - - bytes - 3.285 ms
[11-Nov-2025 01:03:45 PM] 🟢 OPTIONS /service-providers/categories 204 - 0 bytes - 0.104 ms
[11-Nov-2025 01:03:45 PM] 🟢 OPTIONS /service/ 204 - 0 bytes - 0.120 ms
[11-Nov-2025 01:03:45 PM] 🟢 GET /service-providers/categories 200 - 2 bytes - 6.303 ms
[11-Nov-2025 01:03:45 PM] 🟡 GET /service/ 304 - - bytes - 4.917 ms
[11-Nov-2025 01:11:17 PM] 🟢 OPTIONS /admin/users?page=0&limit=8 204 - 0 bytes - 0.235 ms
[11-Nov-2025 01:11:17 PM] 🟢 OPTIONS /admin/users?page=0&limit=8 204 - 0 bytes - 0.269 ms
[11-Nov-2025 01:11:17 PM] 🔴 GET /admin/users?page=0&limit=8 401 - 52 bytes - 3.846 ms
[11-Nov-2025 01:11:17 PM] 🔴 GET /admin/users?page=0&limit=8 401 - 52 bytes - 4.083 ms
[11-Nov-2025 01:11:17 PM] 🟢 OPTIONS /admin-refresh-token 204 - 0 bytes - 0.272 ms
[11-Nov-2025 01:11:17 PM] 🟢 OPTIONS /admin-refresh-token 204 - 0 bytes - 0.271 ms
[11-Nov-2025 01:11:17 PM] 🟢 POST /admin-refresh-token 200 - 194 bytes - 21.036 ms
[11-Nov-2025 01:11:17 PM] 🟢 POST /admin-refresh-token 200 - 194 bytes - 13.545 ms
[11-Nov-2025 01:11:17 PM] 🟡 GET /admin/users?page=0&limit=8 304 - - bytes - 26.089 ms
[11-Nov-2025 01:11:17 PM] 🟡 GET /admin/users?page=0&limit=8 304 - - bytes - 20.930 ms
[11-Nov-2025 01:11:18 PM] 🟢 OPTIONS /admin/serviceProvider?verification=true 204 - 0 bytes - 0.688 ms
[11-Nov-2025 01:11:18 PM] 🟡 GET /admin/serviceProvider?verification=true 304 - - bytes - 17.065 ms
[11-Nov-2025 01:11:18 PM] 🟢 OPTIONS /admin/serviceProvider?page=0&limit=3 204 - 0 bytes - 0.199 ms
[11-Nov-2025 01:11:18 PM] 🟢 OPTIONS /admin/serviceProvider?page=0&limit=3 204 - 0 bytes - 0.259 ms
[11-Nov-2025 01:11:18 PM] 🟢 GET /admin/serviceProvider?page=0&limit=3 200 - 934 bytes - 23.870 ms
[11-Nov-2025 01:11:18 PM] 🟡 GET /admin/serviceProvider?page=0&limit=3 304 - - bytes - 18.170 ms
[11-Nov-2025 01:11:19 PM] 🟢 OPTIONS /admin/service?page=0&limit=6 204 - 0 bytes - 0.231 ms
[11-Nov-2025 01:11:19 PM] 🟢 OPTIONS /admin/service?page=0&limit=6 204 - 0 bytes - 0.194 ms
[11-Nov-2025 01:11:19 PM] 🟡 GET /admin/service?page=0&limit=6 304 - - bytes - 23.953 ms
[11-Nov-2025 01:11:19 PM] 🟡 GET /admin/service?page=0&limit=6 304 - - bytes - 13.750 ms
[11-Nov-2025 01:11:20 PM] 🟢 OPTIONS /payment/admin/?page=0&limit=6&statusType=serviceStatus 204 - 0 bytes - 0.292 ms
[11-Nov-2025 01:11:20 PM] 🟡 GET /payment/admin/?page=0&limit=6&statusType=serviceStatus 304 - - bytes - 16.234 ms
[11-Nov-2025 01:11:20 PM] 🟢 OPTIONS /admin/category 204 - 0 bytes - 0.273 ms
[11-Nov-2025 01:11:20 PM] 🟡 GET /admin/category 304 - - bytes - 6.559 ms
[11-Nov-2025 01:11:48 PM] 🟢 OPTIONS /admin/category 204 - 0 bytes - 0.261 ms
[11-Nov-2025 01:11:48 PM] 🟢 POST /admin/category 200 - 187 bytes - 12.416 ms
[11-Nov-2025 01:11:48 PM] 🟢 GET /admin/category 200 - 180 bytes - 22.895 ms
[11-Nov-2025 01:12:03 PM] 🟢 OPTIONS /admin/category/service 204 - 0 bytes - 0.175 ms
[11-Nov-2025 01:12:03 PM] 🟢 POST /admin/category/service 200 - 40 bytes - 33.349 ms
[11-Nov-2025 01:12:03 PM] 🟢 OPTIONS /admin/category 204 - 0 bytes - 0.288 ms
[11-Nov-2025 01:12:03 PM] 🟢 GET /admin/category 200 - 316 bytes - 11.660 ms
[11-Nov-2025 01:12:27 PM] 🟢 OPTIONS /service-providers/ 204 - 0 bytes - 0.133 ms
[11-Nov-2025 01:12:27 PM] 🟢 OPTIONS /service-providers/subscription-plans 204 - 0 bytes - 0.105 ms
[11-Nov-2025 01:12:27 PM] 🟢 OPTIONS /service/ 204 - 0 bytes - 0.127 ms
[11-Nov-2025 01:12:27 PM] 🟢 GET /service-providers/ 201 - 1772 bytes - 13.735 ms
[11-Nov-2025 01:12:27 PM] 🟡 GET /service-providers/subscription-plans 304 - - bytes - 14.085 ms
[11-Nov-2025 01:12:27 PM] 🟡 GET /service/ 304 - - bytes - 7.613 ms
[11-Nov-2025 01:15:07 PM] 🟢 OPTIONS /service-providers/ 204 - 0 bytes - 0.264 ms
[11-Nov-2025 01:15:07 PM] 🟢 OPTIONS /service-providers/subscription-plans 204 - 0 bytes - 0.239 ms
[11-Nov-2025 01:15:07 PM] 🟢 OPTIONS /service/ 204 - 0 bytes - 0.474 ms
[11-Nov-2025 01:15:07 PM] 🟢 GET /service-providers/ 201 - 1772 bytes - 23.422 ms
[11-Nov-2025 01:15:07 PM] 🟢 GET /service-providers/subscription-plans 200 - 400 bytes - 14.976 ms
[11-Nov-2025 01:15:07 PM] 🟡 GET /service/ 304 - - bytes - 11.675 ms
[11-Nov-2025 01:15:16 PM] 🟢 OPTIONS /service-providers/categories 204 - 0 bytes - 0.253 ms
[11-Nov-2025 01:15:16 PM] 🟢 OPTIONS /service/ 204 - 0 bytes - 0.156 ms
[11-Nov-2025 01:15:16 PM] 🟢 GET /service-providers/categories 200 - 316 bytes - 15.199 ms
[11-Nov-2025 01:15:16 PM] 🟡 GET /service/ 304 - - bytes - 14.707 ms
[11-Nov-2025 01:15:52 PM] 🟢 OPTIONS /location/autocomplete?query=sulthan 204 - 0 bytes - 0.183 ms
[11-Nov-2025 01:15:53 PM] 🟡 GET /location/autocomplete?query=sulthan 304 - - bytes - 506.377 ms
[11-Nov-2025 01:16:07 PM] 🟢 OPTIONS /service/ 204 - 0 bytes - 0.214 ms
[11-Nov-2025 01:16:11 PM] 🟢 POST /service/ 201 - 760 bytes - 4585.562 ms
[11-Nov-2025 01:16:11 PM] 🟢 GET /service/ 200 - 767 bytes - 28.371 ms
[11-Nov-2025 01:16:15 PM] 🟢 OPTIONS /service-providers/get-paymentinfo 204 - 0 bytes - 0.248 ms
[11-Nov-2025 01:16:15 PM] 🟡 GET /service-providers/get-paymentinfo 304 - - bytes - 10.597 ms
[11-Nov-2025 01:16:31 PM] 🟡 GET /banners/active 304 - - bytes - 30.503 ms
[11-Nov-2025 01:16:31 PM] 🔴 GET /profile 401 - 45 bytes - 1.286 ms
[11-Nov-2025 01:16:31 PM] 🟡 GET /coupons/featured?skip=0 304 - - bytes - 28.878 ms
[11-Nov-2025 01:16:31 PM] 🔴 GET /notification 401 - 45 bytes - 1.480 ms
[11-Nov-2025 01:16:31 PM] 🟢 GET /getactive/services/?limit=3 200 - 1061 bytes - 85.189 ms
[11-Nov-2025 01:16:31 PM] 🟡 GET /coupons/featured?skip=0 304 - - bytes - 12.800 ms
[11-Nov-2025 01:16:31 PM] 🟢 OPTIONS /refresh-token 204 - 0 bytes - 0.136 ms
[11-Nov-2025 01:16:31 PM] 🟢 OPTIONS /refresh-token 204 - 0 bytes - 0.110 ms
[11-Nov-2025 01:16:31 PM] 🔴 POST /refresh-token 401 - 36 bytes - 0.514 ms
[11-Nov-2025 01:16:31 PM] 🔴 POST /refresh-token 401 - 36 bytes - 0.531 ms
[11-Nov-2025 01:16:38 PM] 🟢 OPTIONS /signin/email 204 - 0 bytes - 0.164 ms
[11-Nov-2025 01:16:38 PM] 🟢 POST /signin/email 200 - 194 bytes - 233.916 ms
[11-Nov-2025 01:16:38 PM] 🟡 GET /banners/active 304 - - bytes - 12.610 ms
[11-Nov-2025 01:16:38 PM] 🟢 OPTIONS /coupons/featured?skip=0 204 - 0 bytes - 0.108 ms
[11-Nov-2025 01:16:38 PM] 🟡 GET /getactive/services/?limit=3 304 - - bytes - 20.292 ms
[11-Nov-2025 01:16:38 PM] 🟢 OPTIONS /coupons/featured?skip=0 204 - 0 bytes - 0.152 ms
[11-Nov-2025 01:16:38 PM] 🟢 OPTIONS /profile 204 - 0 bytes - 0.130 ms
[11-Nov-2025 01:16:38 PM] 🟡 GET /coupons/featured?skip=0 304 - - bytes - 6.963 ms
[11-Nov-2025 01:16:38 PM] 🟢 OPTIONS /notification 204 - 0 bytes - 0.115 ms
[11-Nov-2025 01:16:38 PM] 🟡 GET /coupons/featured?skip=0 304 - - bytes - 12.156 ms
[11-Nov-2025 01:16:39 PM] 🟢 GET /profile 200 - 134 bytes - 20.942 ms
[11-Nov-2025 01:16:39 PM] 🟡 GET /notification 304 - - bytes - 38.750 ms
[11-Nov-2025 01:16:42 PM] 🟢 OPTIONS /user/service/6912e9c30048a5bae03d527e 204 - 0 bytes - 0.222 ms
[11-Nov-2025 01:16:42 PM] 🟢 GET /user/service/6912e9c30048a5bae03d527e 200 - 2525 bytes - 34.381 ms
[11-Nov-2025 01:16:42 PM] 🟢 OPTIONS /service-providers/availability/6912e29c0048a5bae03d4fc8 204 - 0 bytes - 0.234 ms
[11-Nov-2025 01:16:42 PM] 🟢 GET /service-providers/availability/6912e29c0048a5bae03d4fc8 200 - 35 bytes - 11.581 ms
[11-Nov-2025 01:57:04 PM] 🟢 OPTIONS /service-providers/ 204 - 0 bytes - 0.131 ms
[11-Nov-2025 01:57:04 PM] 🟢 OPTIONS /service-providers/subscription-plans 204 - 0 bytes - 0.112 ms
[11-Nov-2025 01:57:04 PM] 🟢 OPTIONS /service-providers/get-paymentinfo 204 - 0 bytes - 0.118 ms
[11-Nov-2025 01:57:04 PM] 🔴 GET /service-providers/ 401 - 52 bytes - 1.139 ms
[11-Nov-2025 01:57:04 PM] 🔴 GET /service-providers/get-paymentinfo 401 - 52 bytes - 1.726 ms
[11-Nov-2025 01:57:04 PM] 🟡 GET /service-providers/subscription-plans 304 - - bytes - 6.133 ms
[11-Nov-2025 01:57:04 PM] 🟢 OPTIONS /refresh-token 204 - 0 bytes - 0.107 ms
[11-Nov-2025 01:57:04 PM] 🟢 OPTIONS /refresh-token 204 - 0 bytes - 0.930 ms
[11-Nov-2025 01:57:04 PM] 🟢 POST /refresh-token 200 - 194 bytes - 23.061 ms
[11-Nov-2025 01:57:04 PM] 🟢 POST /refresh-token 200 - 194 bytes - 22.338 ms
[11-Nov-2025 01:57:04 PM] 🟢 OPTIONS /coupons/featured?skip=0 204 - 0 bytes - 0.108 ms
[11-Nov-2025 01:57:04 PM] 🟢 OPTIONS /coupons/featured?skip=0 204 - 0 bytes - 0.128 ms
[11-Nov-2025 01:57:04 PM] 🟢 OPTIONS /profile 204 - 0 bytes - 0.101 ms
[11-Nov-2025 01:57:04 PM] 🟢 OPTIONS /notification 204 - 0 bytes - 0.101 ms
[11-Nov-2025 01:57:04 PM] 🟢 OPTIONS /user/service/6912e9c30048a5bae03d527e 204 - 0 bytes - 0.087 ms
[11-Nov-2025 01:57:04 PM] 🟢 GET /service-providers/ 201 - 1772 bytes - 11.389 ms
[11-Nov-2025 01:57:04 PM] 🟡 GET /service-providers/get-paymentinfo 304 - - bytes - 10.611 ms
[11-Nov-2025 01:57:04 PM] 🟡 GET /coupons/featured?skip=0 304 - - bytes - 3.176 ms
[11-Nov-2025 01:57:04 PM] 🔴 GET /profile 401 - 52 bytes - 1.353 ms
[11-Nov-2025 01:57:04 PM] 🔴 GET /notification 401 - 52 bytes - 2.458 ms
[11-Nov-2025 01:57:04 PM] 🟡 GET /coupons/featured?skip=0 304 - - bytes - 7.204 ms
[11-Nov-2025 02:21:50 PM] 🟡 GET /user/service/6912e9c30048a5bae03d527e 304 - - bytes - 15.383 ms
[11-Nov-2025 02:21:50 PM] 🟢 OPTIONS /refresh-token 204 - 0 bytes - 0.946 ms
[11-Nov-2025 02:21:50 PM] 🟢 OPTIONS /refresh-token 204 - 0 bytes - 0.102 ms
[11-Nov-2025 02:21:50 PM] 🟢 POST /refresh-token 200 - 194 bytes - 25.842 ms
[11-Nov-2025 02:21:50 PM] 🟢 POST /refresh-token 200 - 194 bytes - 16.793 ms
[11-Nov-2025 02:21:50 PM] 🟢 OPTIONS /service-providers/availability/6912e29c0048a5bae03d4fc8 204 - 0 bytes - 0.104 ms
[11-Nov-2025 02:21:50 PM] 🟡 GET /profile 304 - - bytes - 41.123 ms
[11-Nov-2025 02:21:50 PM] 🟡 GET /service-providers/availability/6912e29c0048a5bae03d4fc8 304 - - bytes - 31.179 ms
[11-Nov-2025 02:21:50 PM] 🟡 GET /notification 304 - - bytes - 35.689 ms
[11-Nov-2025 02:21:50 PM] 🟢 OPTIONS /admin/profile 204 - 0 bytes - 0.102 ms
[11-Nov-2025 02:21:50 PM] 🟢 OPTIONS /admin/category 204 - 0 bytes - 0.097 ms
[11-Nov-2025 02:21:50 PM] 🔴 GET /admin/profile 401 - 52 bytes - 1.033 ms
[11-Nov-2025 02:21:50 PM] 🔴 GET /admin/category 401 - 52 bytes - 1.172 ms
[11-Nov-2025 02:21:50 PM] 🟢 OPTIONS /admin-refresh-token 204 - 0 bytes - 0.104 ms
[11-Nov-2025 02:21:50 PM] 🟢 OPTIONS /admin-refresh-token 204 - 0 bytes - 0.081 ms
[11-Nov-2025 02:21:50 PM] 🟢 POST /admin-refresh-token 200 - 194 bytes - 6.310 ms
[11-Nov-2025 02:21:50 PM] 🟢 POST /admin-refresh-token 200 - 194 bytes - 3.332 ms
[11-Nov-2025 02:21:50 PM] 🟡 GET /admin/profile 304 - - bytes - 9.889 ms
[11-Nov-2025 02:21:50 PM] 🟡 GET /admin/category 304 - - bytes - 9.579 ms
[11-Nov-2025 02:54:00 PM] 🟢 OPTIONS /admin/dashboard/payment-info 204 - 0 bytes - 0.094 ms
[11-Nov-2025 02:54:00 PM] 🔴 GET /admin/dashboard/payment-info 401 - 52 bytes - 1.368 ms
[11-Nov-2025 02:54:00 PM] 🟢 OPTIONS /admin-refresh-token 204 - 0 bytes - 0.087 ms
[11-Nov-2025 02:54:01 PM] 🟢 POST /admin-refresh-token 200 - 194 bytes - 5.135 ms
[11-Nov-2025 02:54:01 PM] 🟡 GET /admin/dashboard/payment-info 304 - - bytes - 4.133 ms
[11-Nov-2025 02:56:37 PM] 🟡 GET /banners/active 304 - - bytes - 16.917 ms
[11-Nov-2025 02:56:37 PM] 🟡 GET /getactive/services/?limit=3 304 - - bytes - 22.334 ms
[11-Nov-2025 02:57:17 PM] 🟢 OPTIONS /chat/chats 204 - 0 bytes - 0.154 ms
[11-Nov-2025 02:57:17 PM] 🟢 POST /chat/chats 200 - 2 bytes - 18.886 ms
[11-Nov-2025 02:57:19 PM] 🟡 GET /banners/active 304 - - bytes - 19.215 ms
[11-Nov-2025 02:57:19 PM] 🟡 GET /getactive/services/?limit=3 304 - - bytes - 26.739 ms
[11-Nov-2025 02:57:23 PM] 🟢 OPTIONS /user/service/6912e9c30048a5bae03d527e 204 - 0 bytes - 0.217 ms
[11-Nov-2025 02:57:23 PM] 🟡 GET /user/service/6912e9c30048a5bae03d527e 304 - - bytes - 15.471 ms
[11-Nov-2025 02:57:23 PM] 🟢 OPTIONS /service-providers/availability/6912e29c0048a5bae03d4fc8 204 - 0 bytes - 0.145 ms
[11-Nov-2025 02:57:23 PM] 🟡 GET /service-providers/availability/6912e29c0048a5bae03d4fc8 304 - - bytes - 4.758 ms
[11-Nov-2025 02:57:28 PM] 🟡 GET /banners/active 304 - - bytes - 25.180 ms
[11-Nov-2025 02:57:28 PM] 🟡 GET /getactive/services/?limit=3 304 - - bytes - 32.834 ms
[11-Nov-2025 02:59:06 PM] 🟢 OPTIONS /admin/profile 204 - 0 bytes - 0.067 ms
[11-Nov-2025 02:59:06 PM] 🟢 OPTIONS /admin/coupons 204 - 0 bytes - 0.123 ms
[11-Nov-2025 02:59:06 PM] 🟢 GET /admin/coupons 201 - 2 bytes - 5.588 ms
[11-Nov-2025 02:59:06 PM] 🟡 GET /admin/profile 304 - - bytes - 5.181 ms
[11-Nov-2025 03:00:03 PM] 🟢 OPTIONS /admin/coupons 204 - 0 bytes - 0.099 ms
[11-Nov-2025 03:00:06 PM] 🟢 POST /admin/coupons - - - bytes - - ms
[11-Nov-2025 03:00:06 PM] 🟢 POST /admin/coupons - - - bytes - - ms
[11-Nov-2025 03:00:07 PM] 🟢 OPTIONS /admin/profile 204 - 0 bytes - 0.147 ms
[11-Nov-2025 03:00:07 PM] 🟢 GET /admin/coupons 201 - 371 bytes - 4.779 ms
[11-Nov-2025 03:00:07 PM] 🟡 GET /admin/profile 304 - - bytes - 4.833 ms
[11-Nov-2025 03:00:13 PM] 🟢 OPTIONS /admin/coupons/6913021b0048a5bae03d53fe/banner 204 - 0 bytes - 0.185 ms
[11-Nov-2025 03:00:13 PM] 🟢 PATCH /admin/coupons/6913021b0048a5bae03d53fe/banner 200 - 53 bytes - 19.375 ms
[11-Nov-2025 03:00:13 PM] 🟢 OPTIONS /admin/coupons 204 - 0 bytes - 0.094 ms
[11-Nov-2025 03:00:13 PM] 🟢 GET /admin/coupons 201 - 372 bytes - 6.134 ms
[11-Nov-2025 03:00:14 PM] 🟢 PATCH /admin/coupons/6913021b0048a5bae03d53fe/banner 200 - 49 bytes - 9.524 ms
[11-Nov-2025 03:00:14 PM] 🟢 GET /admin/coupons 201 - 371 bytes - 6.707 ms
[11-Nov-2025 03:00:21 PM] 🟡 GET /banners/active 304 - - bytes - 10.090 ms
[11-Nov-2025 03:00:21 PM] 🟢 OPTIONS /coupons/featured?skip=0 204 - 0 bytes - 0.101 ms
[11-Nov-2025 03:00:21 PM] 🟢 OPTIONS /coupons/featured?skip=0 204 - 0 bytes - 0.129 ms
[11-Nov-2025 03:00:21 PM] 🟢 GET /getactive/services/?limit=3 200 - 1061 bytes - 27.486 ms
[11-Nov-2025 03:00:21 PM] 🟢 OPTIONS /profile 204 - 0 bytes - 0.094 ms
[11-Nov-2025 03:00:21 PM] 🟢 OPTIONS /notification 204 - 0 bytes - 0.097 ms
[11-Nov-2025 03:00:21 PM] 🔴 GET /profile 401 - 52 bytes - 1.576 ms
[11-Nov-2025 03:00:21 PM] 🟢 GET /coupons/featured?skip=0 200 - 167 bytes - 16.306 ms
[11-Nov-2025 03:00:21 PM] 🔴 GET /notification 401 - 52 bytes - 1.412 ms
[11-Nov-2025 03:00:21 PM] 🟡 GET /coupons/featured?skip=0 304 - - bytes - 5.433 ms
[11-Nov-2025 03:00:21 PM] 🟢 OPTIONS /refresh-token 204 - 0 bytes - 0.096 ms
[11-Nov-2025 03:00:21 PM] 🟢 OPTIONS /refresh-token 204 - 0 bytes - 0.116 ms
[11-Nov-2025 03:00:21 PM] 🟢 POST /refresh-token 200 - 194 bytes - 15.367 ms
[11-Nov-2025 03:00:21 PM] 🟢 POST /refresh-token 200 - 194 bytes - 16.073 ms
[11-Nov-2025 03:00:21 PM] 🟡 GET /profile 304 - - bytes - 9.624 ms
[11-Nov-2025 03:00:21 PM] 🟡 GET /notification 304 - - bytes - 15.591 ms
[11-Nov-2025 03:00:28 PM] 🟢 OPTIONS /coupons/featured?skip=0 204 - 0 bytes - 0.083 ms
[11-Nov-2025 03:00:28 PM] 🟢 OPTIONS /coupons/featured?skip=0 204 - 0 bytes - 0.184 ms
[11-Nov-2025 03:00:28 PM] 🟢 OPTIONS /profile 204 - 0 bytes - 0.142 ms
[11-Nov-2025 03:00:28 PM] 🟢 OPTIONS /notification 204 - 0 bytes - 0.082 ms
[11-Nov-2025 03:00:30 PM] 🟡 GET /coupons/featured?skip=0 304 - - bytes - 12.369 ms
[11-Nov-2025 03:00:30 PM] 🟡 GET /coupons/featured?skip=0 304 - - bytes - 8.386 ms
[11-Nov-2025 03:00:31 PM] 🟡 GET /coupons/featured?skip=0 304 - - bytes - 15.084 ms
[11-Nov-2025 03:00:31 PM] 🟡 GET /coupons/featured?skip=0 304 - - bytes - 5.695 ms
[11-Nov-2025 03:00:35 PM] 🟢 OPTIONS /coupons/featured?skip=0 204 - 0 bytes - 0.169 ms
[11-Nov-2025 03:00:35 PM] 🟢 OPTIONS /coupons/featured?skip=0 204 - 0 bytes - 0.221 ms
[11-Nov-2025 03:00:35 PM] 🟡 GET /coupons/featured?skip=0 304 - - bytes - 13.369 ms
[11-Nov-2025 03:00:35 PM] 🟡 GET /coupons/featured?skip=0 304 - - bytes - 8.214 ms
[11-Nov-2025 03:01:06 PM] 🟢 OPTIONS /admin/dashboard/payment-info 204 - 0 bytes - 0.095 ms
[11-Nov-2025 03:01:06 PM] 🟡 GET /admin/dashboard/payment-info 304 - - bytes - 3.174 ms
[11-Nov-2025 03:01:22 PM] 🟢 OPTIONS /admin/logout 204 - 0 bytes - 0.158 ms
[11-Nov-2025 03:01:22 PM] 🟢 GET /admin/logout 200 - 43 bytes - 6.055 ms
[11-Nov-2025 03:01:29 PM] 🟢 OPTIONS /coupons/featured?skip=0 204 - 0 bytes - 0.168 ms
[11-Nov-2025 03:01:29 PM] 🟡 GET /banners/active 304 - - bytes - 22.601 ms
[11-Nov-2025 03:01:29 PM] 🟢 OPTIONS /coupons/featured?skip=0 204 - 0 bytes - 0.082 ms
[11-Nov-2025 03:01:29 PM] 🟡 GET /getactive/services/?limit=3 304 - - bytes - 28.864 ms
[11-Nov-2025 03:01:29 PM] 🟢 OPTIONS /profile 204 - 0 bytes - 0.113 ms
[11-Nov-2025 03:01:29 PM] 🟢 OPTIONS /notification 204 - 0 bytes - 0.155 ms
[11-Nov-2025 03:01:29 PM] 🟢 GET /coupons/featured?skip=0 200 - 167 bytes - 13.700 ms
[11-Nov-2025 03:01:29 PM] 🔴 GET /profile 401 - 52 bytes - 1.586 ms
[11-Nov-2025 03:01:29 PM] 🟡 GET /coupons/featured?skip=0 304 - - bytes - 55.916 ms
[11-Nov-2025 03:01:29 PM] 🔴 GET /notification 401 - 52 bytes - 6.976 ms
[11-Nov-2025 03:01:29 PM] 🟢 OPTIONS /refresh-token 204 - 0 bytes - 0.149 ms
[11-Nov-2025 03:01:29 PM] 🟢 POST /refresh-token 200 - 194 bytes - 16.193 ms
[11-Nov-2025 03:01:29 PM] 🟢 POST /refresh-token 200 - 194 bytes - 14.724 ms
[11-Nov-2025 03:01:29 PM] 🟡 GET /profile 304 - - bytes - 8.017 ms
[11-Nov-2025 03:01:29 PM] 🟡 GET /notification 304 - - bytes - 8.840 ms
[11-Nov-2025 03:01:36 PM] 🟢 OPTIONS /logout 204 - 0 bytes - 0.138 ms
[11-Nov-2025 03:01:36 PM] 🟡 GET /logout 304 - - bytes - 0.536 ms
[11-Nov-2025 03:01:40 PM] 🟢 OPTIONS /signin/email 204 - 0 bytes - 0.097 ms
[11-Nov-2025 03:01:40 PM] 🟢 POST /signin/email 200 - 194 bytes - 90.282 ms
[11-Nov-2025 03:01:40 PM] 🟡 GET /banners/active 304 - - bytes - 13.058 ms
[11-Nov-2025 03:01:40 PM] 🟡 GET /getactive/services/?limit=3 304 - - bytes - 22.216 ms
[11-Nov-2025 03:01:40 PM] 🟢 OPTIONS /coupons/featured?skip=0 204 - 0 bytes - 0.132 ms
[11-Nov-2025 03:01:40 PM] 🟢 OPTIONS /coupons/featured?skip=0 204 - 0 bytes - 0.103 ms
[11-Nov-2025 03:01:40 PM] 🟢 OPTIONS /profile 204 - 0 bytes - 0.133 ms
[11-Nov-2025 03:01:40 PM] 🟢 OPTIONS /notification 204 - 0 bytes - 0.156 ms
[11-Nov-2025 03:01:40 PM] 🟡 GET /coupons/featured?skip=0 304 - - bytes - 12.265 ms
[11-Nov-2025 03:01:40 PM] 🟢 GET /profile 200 - 191 bytes - 15.695 ms
[11-Nov-2025 03:01:40 PM] 🟡 GET /notification 304 - - bytes - 22.313 ms
[11-Nov-2025 03:01:40 PM] 🟡 GET /coupons/featured?skip=0 304 - - bytes - 6.820 ms
[11-Nov-2025 03:01:46 PM] 🟢 OPTIONS /logout 204 - 0 bytes - 0.207 ms
[11-Nov-2025 03:01:46 PM] 🟢 GET /logout 200 - 42 bytes - 2.576 ms
[11-Nov-2025 03:02:23 PM] 🟢 OPTIONS /signup 204 - 0 bytes - 0.070 ms
[11-Nov-2025 03:02:29 PM] 🟢 POST /signup 201 - 83 bytes - 5532.939 ms
[11-Nov-2025 03:02:44 PM] 🟢 OPTIONS /verify-otp 204 - 0 bytes - 0.068 ms
[11-Nov-2025 03:03:13 PM] 🟢 POST /verify-otp - - - bytes - - ms
[11-Nov-2025 03:03:36 PM] 🟢 OPTIONS /verify-otp 204 - 0 bytes - 0.079 ms
[11-Nov-2025 03:04:03 PM] 🔴 GET /verify-otp 404 - 149 bytes - 5.122 ms
[11-Nov-2025 03:04:21 PM] 🟢 POST /verify-otp - - - bytes - - ms
[11-Nov-2025 03:04:42 PM] 🟢 OPTIONS /resend-otp 204 - 0 bytes - 2.150 ms
[11-Nov-2025 03:04:45 PM] 🟢 POST /resend-otp 200 - 53 bytes - 3607.415 ms
[11-Nov-2025 03:04:56 PM] 🟢 OPTIONS /verify-otp 204 - 0 bytes - 0.399 ms
[11-Nov-2025 03:04:56 PM] 🔴 POST /verify-otp 400 - 69 bytes - 75.669 ms
[11-Nov-2025 03:05:33 PM] 🟢 OPTIONS /signup 204 - 0 bytes - 0.374 ms
[11-Nov-2025 03:05:37 PM] 🟢 POST /signup 201 - 83 bytes - 3942.322 ms
[11-Nov-2025 03:05:52 PM] 🟢 OPTIONS /verify-otp 204 - 0 bytes - 0.380 ms
[11-Nov-2025 03:05:52 PM] 🟢 POST /verify-otp 200 - 235 bytes - 110.323 ms
[11-Nov-2025 03:05:52 PM] 🟡 GET /banners/active 304 - - bytes - 31.389 ms
[11-Nov-2025 03:05:52 PM] 🟢 OPTIONS /coupons/featured?skip=0 204 - 0 bytes - 0.160 ms
[11-Nov-2025 03:05:52 PM] 🟢 OPTIONS /coupons/featured?skip=0 204 - 0 bytes - 0.174 ms
[11-Nov-2025 03:05:52 PM] 🟡 GET /getactive/services/?limit=3 304 - - bytes - 67.269 ms
[11-Nov-2025 03:05:52 PM] 🟢 OPTIONS /profile 204 - 0 bytes - 0.194 ms
[11-Nov-2025 03:05:52 PM] 🟢 OPTIONS /notification 204 - 0 bytes - 0.205 ms
[11-Nov-2025 03:05:52 PM] 🟡 GET /coupons/featured?skip=0 304 - - bytes - 22.494 ms
[11-Nov-2025 03:05:52 PM] 🟡 GET /coupons/featured?skip=0 304 - - bytes - 24.995 ms
[11-Nov-2025 03:05:52 PM] 🟢 GET /profile 200 - 133 bytes - 28.331 ms
[11-Nov-2025 03:05:52 PM] 🟡 GET /notification 304 - - bytes - 23.655 ms
[11-Nov-2025 03:05:56 PM] 🟢 OPTIONS /user/service/6912e9c30048a5bae03d527e 204 - 0 bytes - 0.199 ms
[11-Nov-2025 03:05:56 PM] 🟢 GET /user/service/6912e9c30048a5bae03d527e 200 - 2525 bytes - 17.635 ms
[11-Nov-2025 03:05:56 PM] 🟢 OPTIONS /service-providers/availability/6912e29c0048a5bae03d4fc8 204 - 0 bytes - 0.190 ms
[11-Nov-2025 03:05:56 PM] 🟢 GET /service-providers/availability/6912e29c0048a5bae03d4fc8 200 - 35 bytes - 8.080 ms
[11-Nov-2025 03:05:57 PM] 🟡 GET /coupons/featured?skip=0 304 - - bytes - 12.354 ms
[11-Nov-2025 03:05:57 PM] 🟡 GET /coupons/featured?skip=0 304 - - bytes - 14.344 ms
[11-Nov-2025 03:05:58 PM] 🟢 OPTIONS /service/book 204 - 0 bytes - 0.161 ms
[11-Nov-2025 03:05:58 PM] 🔴 POST /service/book 400 - 79 bytes - 7.761 ms
[11-Nov-2025 03:05:58 PM] 🟢 OPTIONS /user/addresses 204 - 0 bytes - 0.091 ms
[11-Nov-2025 03:05:58 PM] 🟡 GET /user/service/6912e9c30048a5bae03d527e 304 - - bytes - 11.719 ms
[11-Nov-2025 03:05:58 PM] 🟢 GET /user/addresses 200 - 17 bytes - 13.178 ms
[11-Nov-2025 03:06:55 PM] 🟢 OPTIONS /user/addresses 204 - 0 bytes - 0.184 ms
[11-Nov-2025 03:06:56 PM] 🟢 POST /user/addresses 200 - 40 bytes - 44.199 ms
[11-Nov-2025 03:06:56 PM] 🟢 GET /user/addresses 200 - 227 bytes - 8.729 ms
[11-Nov-2025 03:07:32 PM] 🟢 OPTIONS /service/book 204 - 0 bytes - 0.318 ms
[11-Nov-2025 03:07:32 PM] 🟢 POST /service/book 201 - 737 bytes - 326.618 ms
[11-Nov-2025 03:07:35 PM] 🟢 OPTIONS /service/bookings?count=true 204 - 0 bytes - 0.087 ms
[11-Nov-2025 03:07:35 PM] 🟢 OPTIONS /service/bookings?page=0&limit=3 204 - 0 bytes - 0.073 ms
[11-Nov-2025 03:07:35 PM] 🟢 GET /service/bookings?count=true 200 - 11 bytes - 13.394 ms
[11-Nov-2025 03:07:35 PM] 🟢 GET /service/bookings?page=0&limit=3 200 - 590 bytes - 11.048 ms
[11-Nov-2025 03:07:37 PM] 🟢 OPTIONS /service/bookings691303dcb3de8fef3ba4a817 204 - 0 bytes - 0.122 ms
[11-Nov-2025 03:07:37 PM] 🟢 GET /service/bookings691303dcb3de8fef3ba4a817 200 - 3361 bytes - 20.521 ms
[11-Nov-2025 03:07:39 PM] 🟢 OPTIONS /coupons/featured?skip=0 204 - 0 bytes - 0.198 ms
[11-Nov-2025 03:07:39 PM] 🟢 OPTIONS /coupons/featured?skip=0 204 - 0 bytes - 0.274 ms
[11-Nov-2025 03:07:39 PM] 🟡 GET /coupons/featured?skip=0 304 - - bytes - 13.014 ms
[11-Nov-2025 03:07:39 PM] 🟡 GET /coupons/featured?skip=0 304 - - bytes - 8.795 ms
[11-Nov-2025 03:07:40 PM] 🟢 OPTIONS /service/bookings?count=true 204 - 0 bytes - 0.168 ms
[11-Nov-2025 03:07:40 PM] 🟢 OPTIONS /service/bookings?page=0&limit=3 204 - 0 bytes - 0.111 ms
[11-Nov-2025 03:07:40 PM] 🟡 GET /service/bookings?page=0&limit=3 304 - - bytes - 12.843 ms
[11-Nov-2025 03:07:40 PM] 🟡 GET /service/bookings?count=true 304 - - bytes - 19.552 ms
[11-Nov-2025 03:07:47 PM] 🟢 OPTIONS /service-providers/verify 204 - 0 bytes - 0.231 ms
[11-Nov-2025 03:07:47 PM] 🟢 GET /service-providers/verify 200 - 39 bytes - 16.191 ms
[11-Nov-2025 03:07:47 PM] 🟢 OPTIONS /service-providers/ 204 - 0 bytes - 0.112 ms
[11-Nov-2025 03:07:47 PM] 🟢 OPTIONS /service-providers/subscription-plans 204 - 0 bytes - 0.141 ms
[11-Nov-2025 03:07:47 PM] 🟢 OPTIONS /service-providers/get-paymentinfo 204 - 0 bytes - 0.111 ms
[11-Nov-2025 03:07:47 PM] 🟢 GET /service-providers/ 201 - 1772 bytes - 25.451 ms
[11-Nov-2025 03:07:47 PM] 🟢 GET /service-providers/subscription-plans 200 - 400 bytes - 11.779 ms
[11-Nov-2025 03:07:47 PM] 🟢 GET /service-providers/get-paymentinfo 200 - 18 bytes - 12.712 ms
[11-Nov-2025 03:07:53 PM] 🟢 OPTIONS /service/bookings/serviceprovider?page=0&limit=4 204 - 0 bytes - 0.155 ms
[11-Nov-2025 03:07:53 PM] 🟢 GET /service/bookings/serviceprovider?page=0&limit=4 200 - 600 bytes - 11.671 ms
[11-Nov-2025 03:07:55 PM] 🟢 OPTIONS /service/bookings/serviceProvider/691303dcb3de8fef3ba4a817 204 - 0 bytes - 0.121 ms
[11-Nov-2025 03:07:55 PM] 🟢 GET /service/bookings/serviceProvider/691303dcb3de8fef3ba4a817 200 - 3818 bytes - 22.833 ms
[11-Nov-2025 03:08:00 PM] 🟢 OPTIONS /user/profile/69130378b3de8fef3ba4a7b6 204 - 0 bytes - 0.079 ms
[11-Nov-2025 03:08:00 PM] 🟢 OPTIONS /chat 204 - 0 bytes - 0.127 ms
[11-Nov-2025 03:08:00 PM] 🟢 GET /user/profile/69130378b3de8fef3ba4a7b6 200 - 19 bytes - 9.696 ms
[11-Nov-2025 03:08:00 PM] 🟢 POST /chat 200 - 45 bytes - 9.144 ms
[11-Nov-2025 03:08:04 PM] 🟢 OPTIONS /service/bookings/serviceProvider/691303dcb3de8fef3ba4a817 204 - 0 bytes - 0.107 ms
[11-Nov-2025 03:08:04 PM] 🟡 GET /service/bookings/serviceProvider/691303dcb3de8fef3ba4a817 304 - - bytes - 21.883 ms
[11-Nov-2025 03:08:36 PM] 🟢 OPTIONS /service/service-provider/bookings/691303dcb3de8fef3ba4a817/accept 204 - 0 bytes - 0.183 ms
[11-Nov-2025 03:08:36 PM] 🟢 PUT /service/service-provider/bookings/691303dcb3de8fef3ba4a817/accept 200 - 916 bytes - 36.466 ms
[11-Nov-2025 03:08:36 PM] 🟢 OPTIONS /notification 204 - 0 bytes - 0.134 ms
[11-Nov-2025 03:08:36 PM] 🟢 OPTIONS /service/bookings/serviceProvider/691303dcb3de8fef3ba4a817 204 - 0 bytes - 0.125 ms
[11-Nov-2025 03:08:36 PM] 🟢 OPTIONS /notification 204 - 0 bytes - 0.106 ms
[11-Nov-2025 03:08:36 PM] 🟢 GET /notification 200 - 227 bytes - 13.302 ms
[11-Nov-2025 03:08:36 PM] 🟡 GET /notification 304 - - bytes - 9.909 ms
[11-Nov-2025 03:08:36 PM] 🟢 GET /service/bookings/serviceProvider/691303dcb3de8fef3ba4a817 200 - 4066 bytes - 35.017 ms
[11-Nov-2025 03:08:43 PM] 🟢 OPTIONS /service/service-provider/bookings/691303dcb3de8fef3ba4a817/status 204 - 0 bytes - 0.187 ms
[11-Nov-2025 03:08:43 PM] 🟢 PUT /service/service-provider/bookings/691303dcb3de8fef3ba4a817/status 200 - 1121 bytes - 18.704 ms
[11-Nov-2025 03:08:43 PM] 🟢 OPTIONS /notification 204 - 0 bytes - 0.158 ms
[11-Nov-2025 03:08:43 PM] 🟢 OPTIONS /notification 204 - 0 bytes - 0.108 ms
[11-Nov-2025 03:08:43 PM] 🟢 OPTIONS /service/bookings/serviceProvider/691303dcb3de8fef3ba4a817 204 - 0 bytes - 0.136 ms
[11-Nov-2025 03:08:43 PM] 🟢 GET /notification 200 - 443 bytes - 13.754 ms
[11-Nov-2025 03:08:43 PM] 🟡 GET /notification 304 - - bytes - 12.761 ms
[11-Nov-2025 03:08:43 PM] 🟢 GET /service/bookings/serviceProvider/691303dcb3de8fef3ba4a817 200 - 4225 bytes - 37.875 ms
[11-Nov-2025 03:09:03 PM] 🟢 OPTIONS /service/service-provider/bookings/691303dcb3de8fef3ba4a817/payment-request 204 - 0 bytes - 0.300 ms
[11-Nov-2025 03:09:03 PM] 🟢 PUT /service/service-provider/bookings/691303dcb3de8fef3ba4a817/payment-request 200 - 1446 bytes - 21.164 ms
[11-Nov-2025 03:09:03 PM] 🟢 OPTIONS /notification 204 - 0 bytes - 0.122 ms
[11-Nov-2025 03:09:03 PM] 🟢 OPTIONS /notification 204 - 0 bytes - 0.074 ms
[11-Nov-2025 03:09:03 PM] 🟢 OPTIONS /service/bookings/serviceProvider/691303dcb3de8fef3ba4a817 204 - 0 bytes - 0.115 ms
[11-Nov-2025 03:09:03 PM] 🟢 GET /notification 200 - 669 bytes - 12.662 ms
[11-Nov-2025 03:09:03 PM] 🟢 GET /service/bookings/serviceProvider/691303dcb3de8fef3ba4a817 200 - 4583 bytes - 36.179 ms
[11-Nov-2025 03:09:03 PM] 🟡 GET /notification 304 - - bytes - 12.332 ms
[11-Nov-2025 03:10:28 PM] 🟢 OPTIONS /service/service-provider/uploadbills/691303dcb3de8fef3ba4a817/ 204 - 0 bytes - 0.114 ms
[11-Nov-2025 03:10:32 PM] 🟢 POST /service/service-provider/uploadbills/691303dcb3de8fef3ba4a817/ 201 - 51 bytes - 3505.998 ms
[11-Nov-2025 03:11:05 PM] 🟢 OPTIONS /service-providers/ 204 - 0 bytes - 0.086 ms
[11-Nov-2025 03:11:05 PM] 🟢 OPTIONS /service-providers/subscription-plans 204 - 0 bytes - 0.119 ms
[11-Nov-2025 03:11:05 PM] 🟢 OPTIONS /service/bookings/serviceProvider/691303dcb3de8fef3ba4a817 204 - 0 bytes - 0.138 ms
[11-Nov-2025 03:11:05 PM] 🟢 GET /service-providers/ 201 - 1772 bytes - 10.004 ms
[11-Nov-2025 03:11:05 PM] 🟡 GET /service-providers/subscription-plans 304 - - bytes - 3.559 ms
[11-Nov-2025 03:11:05 PM] 🟢 GET /service/bookings/serviceProvider/691303dcb3de8fef3ba4a817 200 - 4730 bytes - 21.333 ms
[11-Nov-2025 03:11:12 PM] 🟢 OPTIONS /service/bookings691303dcb3de8fef3ba4a817 204 - 0 bytes - 0.146 ms
[11-Nov-2025 03:11:13 PM] 🟢 GET /service/bookings691303dcb3de8fef3ba4a817 200 - 4273 bytes - 24.899 ms
[11-Nov-2025 03:11:17 PM] 🟢 OPTIONS /coupons/featured?skip=0 204 - 0 bytes - 0.182 ms
[11-Nov-2025 03:11:17 PM] 🟢 OPTIONS /coupons/featured?skip=0 204 - 0 bytes - 0.180 ms
[11-Nov-2025 03:11:17 PM] 🟡 GET /coupons/featured?skip=0 304 - - bytes - 12.920 ms
[11-Nov-2025 03:11:17 PM] 🟡 GET /coupons/featured?skip=0 304 - - bytes - 6.912 ms
[11-Nov-2025 03:11:27 PM] 🟢 OPTIONS /service/bookings/691303dcb3de8fef3ba4a817/coupon/apply 204 - 0 bytes - 0.143 ms
[11-Nov-2025 03:11:27 PM] 🔴 POST /service/bookings/691303dcb3de8fef3ba4a817/coupon/apply 400 - 40 bytes - 14.609 ms
[11-Nov-2025 03:11:30 PM] 🟢 OPTIONS /service/bookings/691303dcb3de8fef3ba4a817/coupon/remove 204 - 0 bytes - 0.170 ms
[11-Nov-2025 03:11:30 PM] 🔴 DELETE /service/bookings/691303dcb3de8fef3ba4a817/coupon/remove 400 - 47 bytes - 15.319 ms
[11-Nov-2025 03:12:07 PM] 🟢 OPTIONS /coupons/featured?skip=0 204 - 0 bytes - 0.267 ms
[11-Nov-2025 03:12:07 PM] 🟢 OPTIONS /coupons/featured?skip=0 204 - 0 bytes - 0.283 ms
[11-Nov-2025 03:12:07 PM] 🟡 GET /coupons/featured?skip=0 304 - - bytes - 7.117 ms
[11-Nov-2025 03:12:07 PM] 🟡 GET /coupons/featured?skip=0 304 - - bytes - 7.036 ms
[11-Nov-2025 03:12:17 PM] 🟢 OPTIONS /service/bookings/691303dcb3de8fef3ba4a817/coupon/apply 204 - 0 bytes - 0.232 ms
[11-Nov-2025 03:12:17 PM] 🔴 POST /service/bookings/691303dcb3de8fef3ba4a817/coupon/apply 400 - 75 bytes - 22.218 ms
[11-Nov-2025 03:12:26 PM] 🟢 OPTIONS /service/bookings/691303dcb3de8fef3ba4a817/coupon/remove 204 - 0 bytes - 0.227 ms
[11-Nov-2025 03:12:26 PM] 🔴 DELETE /service/bookings/691303dcb3de8fef3ba4a817/coupon/remove 400 - 47 bytes - 12.233 ms
[11-Nov-2025 03:12:30 PM] 🟢 OPTIONS /coupons/featured?skip=0 204 - 0 bytes - 0.183 ms
[11-Nov-2025 03:12:30 PM] 🟢 OPTIONS /coupons/featured?skip=0 204 - 0 bytes - 0.200 ms
[11-Nov-2025 03:12:30 PM] 🟡 GET /coupons/featured?skip=0 304 - - bytes - 10.600 ms
[11-Nov-2025 03:12:30 PM] 🟡 GET /coupons/featured?skip=0 304 - - bytes - 6.478 ms
[11-Nov-2025 03:12:42 PM] 🟢 OPTIONS /coupons/featured?skip=0 204 - 0 bytes - 0.238 ms
[11-Nov-2025 03:12:42 PM] 🟢 OPTIONS /coupons/featured?skip=0 204 - 0 bytes - 0.312 ms
[11-Nov-2025 03:12:42 PM] 🟢 OPTIONS /profile 204 - 0 bytes - 0.151 ms
[11-Nov-2025 03:12:42 PM] 🟢 OPTIONS /notification 204 - 0 bytes - 0.132 ms
[11-Nov-2025 03:12:42 PM] 🟢 OPTIONS /service/bookings691303dcb3de8fef3ba4a817 204 - 0 bytes - 0.171 ms
[11-Nov-2025 03:12:42 PM] 🟡 GET /coupons/featured?skip=0 304 - - bytes - 45.822 ms
[11-Nov-2025 03:12:42 PM] 🟡 GET /profile 304 - - bytes - 51.971 ms
[11-Nov-2025 03:12:42 PM] 🟡 GET /notification 304 - - bytes - 47.403 ms
[11-Nov-2025 03:12:42 PM] 🟡 GET /coupons/featured?skip=0 304 - - bytes - 19.619 ms
[11-Nov-2025 03:12:42 PM] 🟡 GET /service/bookings691303dcb3de8fef3ba4a817 304 - - bytes - 50.437 ms
[11-Nov-2025 03:13:05 PM] 🟢 OPTIONS /coupons/featured?skip=0 204 - 0 bytes - 0.308 ms
[11-Nov-2025 03:13:05 PM] 🟢 OPTIONS /coupons/featured?skip=0 204 - 0 bytes - 0.341 ms
[11-Nov-2025 03:13:05 PM] 🟡 GET /coupons/featured?skip=0 304 - - bytes - 20.720 ms
[11-Nov-2025 03:13:05 PM] 🟡 GET /coupons/featured?skip=0 304 - - bytes - 26.931 ms
[11-Nov-2025 03:13:15 PM] 🟢 OPTIONS /service/service-provider/uploadbills/691303dcb3de8fef3ba4a817/ 204 - 0 bytes - 0.206 ms
[11-Nov-2025 03:13:22 PM] 🟢 POST /service/service-provider/uploadbills/691303dcb3de8fef3ba4a817/ 201 - 51 bytes - 6982.251 ms
[11-Nov-2025 03:13:44 PM] 🟢 OPTIONS /coupons/featured?skip=0 204 - 0 bytes - 0.126 ms
[11-Nov-2025 03:13:44 PM] 🟢 OPTIONS /coupons/featured?skip=0 204 - 0 bytes - 0.102 ms
[11-Nov-2025 03:13:44 PM] 🟢 OPTIONS /profile 204 - 0 bytes - 0.095 ms
[11-Nov-2025 03:13:44 PM] 🟢 OPTIONS /notification 204 - 0 bytes - 0.104 ms
[11-Nov-2025 03:13:44 PM] 🟢 OPTIONS /service/bookings691303dcb3de8fef3ba4a817 204 - 0 bytes - 0.088 ms
[11-Nov-2025 03:13:44 PM] 🟡 GET /coupons/featured?skip=0 304 - - bytes - 15.298 ms
[11-Nov-2025 03:13:44 PM] 🟡 GET /profile 304 - - bytes - 18.877 ms
[11-Nov-2025 03:13:44 PM] 🟡 GET /notification 304 - - bytes - 32.995 ms
[11-Nov-2025 03:13:44 PM] 🟡 GET /coupons/featured?skip=0 304 - - bytes - 31.259 ms
[11-Nov-2025 03:13:44 PM] 🟢 GET /service/bookings691303dcb3de8fef3ba4a817 200 - 4273 bytes - 36.275 ms
[11-Nov-2025 03:13:46 PM] 🟢 OPTIONS /payment/create-order 204 - 0 bytes - 0.110 ms
[11-Nov-2025 03:13:47 PM] 🟢 POST /payment/create-order 200 - 258 bytes - 1165.743 ms
[11-Nov-2025 03:14:18 PM] 🟢 OPTIONS /payment/verify 204 - 0 bytes - 0.078 ms
[11-Nov-2025 03:14:19 PM] 🟢 POST /payment/verify 200 - 58 bytes - 618.440 ms
[11-Nov-2025 03:14:19 PM] 🟢 OPTIONS /service/bookings691303dcb3de8fef3ba4a817 204 - 0 bytes - 0.114 ms
[11-Nov-2025 03:14:19 PM] 🟢 GET /service/bookings691303dcb3de8fef3ba4a817 200 - 4272 bytes - 13.606 ms
[11-Nov-2025 03:15:05 PM] 🟢 OPTIONS /reviews 204 - 0 bytes - 0.298 ms
[11-Nov-2025 03:15:05 PM] 🟢 POST /reviews 201 - 40 bytes - 28.566 ms
[11-Nov-2025 03:15:08 PM] 🟡 GET /banners/active 304 - - bytes - 19.167 ms
[11-Nov-2025 03:15:08 PM] 🟡 GET /getactive/services/?limit=3 304 - - bytes - 26.818 ms
[11-Nov-2025 03:15:10 PM] 🟢 OPTIONS /user/service/6912e9c30048a5bae03d527e 204 - 0 bytes - 0.182 ms
[11-Nov-2025 03:15:10 PM] 🟢 GET /user/service/6912e9c30048a5bae03d527e 200 - 2674 bytes - 17.041 ms
[11-Nov-2025 03:15:10 PM] 🟢 OPTIONS /service-providers/availability/6912e29c0048a5bae03d4fc8 204 - 0 bytes - 0.113 ms
[11-Nov-2025 03:15:10 PM] 🟡 GET /service-providers/availability/6912e29c0048a5bae03d4fc8 304 - - bytes - 10.443 ms
[11-Nov-2025 03:15:11 PM] 🟢 OPTIONS /coupons/featured?skip=0 204 - 0 bytes - 0.074 ms
[11-Nov-2025 03:15:11 PM] 🟢 OPTIONS /coupons/featured?skip=0 204 - 0 bytes - 0.074 ms
[11-Nov-2025 03:15:11 PM] 🟡 GET /coupons/featured?skip=0 304 - - bytes - 4.265 ms
[11-Nov-2025 03:15:11 PM] 🟡 GET /coupons/featured?skip=0 304 - - bytes - 7.316 ms
[11-Nov-2025 03:15:14 PM] 🟡 GET /banners/active 304 - - bytes - 7.761 ms
[11-Nov-2025 03:15:14 PM] 🟡 GET /getactive/services/?limit=3 304 - - bytes - 18.011 ms
[11-Nov-2025 03:15:15 PM] 🟡 GET /coupons/featured?skip=0 304 - - bytes - 10.755 ms
[11-Nov-2025 03:15:15 PM] 🟡 GET /coupons/featured?skip=0 304 - - bytes - 16.702 ms
[11-Nov-2025 03:15:20 PM] 🟢 OPTIONS /notification/6913041cb3de8fef3ba4a853 204 - 0 bytes - 0.207 ms
[11-Nov-2025 03:15:20 PM] 🟢 PATCH /notification/6913041cb3de8fef3ba4a853 200 - 41 bytes - 13.775 ms
[11-Nov-2025 03:15:21 PM] 🟢 OPTIONS /notification/69130423b3de8fef3ba4a868 204 - 0 bytes - 0.101 ms
[11-Nov-2025 03:15:21 PM] 🟢 PATCH /notification/69130423b3de8fef3ba4a868 200 - 41 bytes - 3.714 ms
[11-Nov-2025 03:15:22 PM] 🟢 OPTIONS /notification/69130437b3de8fef3ba4a881 204 - 0 bytes - 0.175 ms
[11-Nov-2025 03:15:22 PM] 🟢 PATCH /notification/69130437b3de8fef3ba4a881 200 - 41 bytes - 7.049 ms
[11-Nov-2025 03:15:25 PM] 🟢 OPTIONS /chat/chats 204 - 0 bytes - 0.236 ms
[11-Nov-2025 03:15:25 PM] 🟢 POST /chat/chats 200 - 2 bytes - 25.325 ms
[11-Nov-2025 03:15:26 PM] 🟢 OPTIONS /coupons/featured?skip=0 204 - 0 bytes - 0.178 ms
[11-Nov-2025 03:15:26 PM] 🟢 OPTIONS /coupons/featured?skip=0 204 - 0 bytes - 0.266 ms
[11-Nov-2025 03:15:26 PM] 🟡 GET /coupons/featured?skip=0 304 - - bytes - 18.697 ms
[11-Nov-2025 03:15:26 PM] 🟡 GET /coupons/featured?skip=0 304 - - bytes - 16.914 ms
[11-Nov-2025 03:15:27 PM] 🟡 GET /banners/active 304 - - bytes - 26.618 ms
[11-Nov-2025 03:15:27 PM] 🟡 GET /getactive/services/?limit=3 304 - - bytes - 51.398 ms
[11-Nov-2025 03:15:38 PM] 🟢 OPTIONS /service-providers/ 204 - 0 bytes - 0.127 ms
[11-Nov-2025 03:15:38 PM] 🟢 OPTIONS /service-providers/subscription-plans 204 - 0 bytes - 1.790 ms
[11-Nov-2025 03:15:38 PM] 🟢 OPTIONS /service/bookings/serviceProvider/691303dcb3de8fef3ba4a817 204 - 0 bytes - 0.150 ms
[11-Nov-2025 03:15:38 PM] 🟢 GET /service-providers/ 201 - 1772 bytes - 10.983 ms
[11-Nov-2025 03:15:38 PM] 🟡 GET /service-providers/subscription-plans 304 - - bytes - 24.995 ms
[11-Nov-2025 03:15:38 PM] 🟢 GET /service/bookings/serviceProvider/691303dcb3de8fef3ba4a817 200 - 5034 bytes - 42.018 ms
[11-Nov-2025 03:15:52 PM] 🟢 OPTIONS /service-providers/ 204 - 0 bytes - 0.316 ms
[11-Nov-2025 03:15:52 PM] 🟢 OPTIONS /service-providers/subscription-plans 204 - 0 bytes - 0.113 ms
[11-Nov-2025 03:15:52 PM] 🟢 OPTIONS /service/bookings/serviceProvider/691303dcb3de8fef3ba4a817 204 - 0 bytes - 0.110 ms
[11-Nov-2025 03:15:52 PM] 🟢 GET /service-providers/ 201 - 1772 bytes - 10.066 ms
[11-Nov-2025 03:15:52 PM] 🟡 GET /service-providers/subscription-plans 304 - - bytes - 17.112 ms
[11-Nov-2025 03:15:52 PM] 🟡 GET /service/bookings/serviceProvider/691303dcb3de8fef3ba4a817 304 - - bytes - 25.235 ms
[11-Nov-2025 03:15:59 PM] 🟢 OPTIONS /service-providers/ 204 - 0 bytes - 0.088 ms
[11-Nov-2025 03:15:59 PM] 🟢 OPTIONS /service-providers/subscription-plans 204 - 0 bytes - 0.138 ms
[11-Nov-2025 03:15:59 PM] 🟢 OPTIONS /service-providers/wallet?limit=5&skip=0 204 - 0 bytes - 0.086 ms
[11-Nov-2025 03:15:59 PM] 🟢 GET /service-providers/ 201 - 1772 bytes - 11.911 ms
[11-Nov-2025 03:15:59 PM] 🟡 GET /service-providers/subscription-plans 304 - - bytes - 5.095 ms
[11-Nov-2025 03:15:59 PM] 🟢 GET /service-providers/wallet?limit=5&skip=0 200 - 337 bytes - 24.528 ms
[11-Nov-2025 03:16:13 PM] 🟢 OPTIONS /service-providers/wallet?limit=5&skip=0 204 - 0 bytes - 0.086 ms
[11-Nov-2025 03:16:13 PM] 🟡 GET /service-providers/wallet?limit=5&skip=0 304 - - bytes - 5.410 ms
[11-Nov-2025 03:16:18 PM] 🟡 GET /service-providers/wallet?limit=5&skip=0 304 - - bytes - 7.733 ms
[11-Nov-2025 03:16:51 PM] 🟢 OPTIONS /service-providers/wallet 204 - 0 bytes - 0.136 ms
[11-Nov-2025 03:16:51 PM] 🔴 POST /service-providers/wallet 401 - 52 bytes - 2.144 ms
[11-Nov-2025 03:16:51 PM] 🟢 OPTIONS /refresh-token 204 - 0 bytes - 0.137 ms
[11-Nov-2025 03:16:51 PM] 🟢 POST /refresh-token 200 - 194 bytes - 6.430 ms
[11-Nov-2025 03:16:51 PM] 🟢 POST /service-providers/wallet 200 - 504 bytes - 14.128 ms
[11-Nov-2025 03:17:00 PM] 🟢 OPTIONS /service-providers/ 204 - 0 bytes - 0.079 ms
[11-Nov-2025 03:17:00 PM] 🟢 OPTIONS /service-providers/subscription-plans 204 - 0 bytes - 0.132 ms
[11-Nov-2025 03:17:00 PM] 🟢 OPTIONS /service-providers/wallet?limit=5&skip=0 204 - 0 bytes - 0.126 ms
[11-Nov-2025 03:17:00 PM] 🟢 GET /service-providers/ 201 - 1772 bytes - 8.673 ms
[11-Nov-2025 03:17:00 PM] 🟡 GET /service-providers/subscription-plans 304 - - bytes - 4.261 ms
[11-Nov-2025 03:17:00 PM] 🟢 GET /service-providers/wallet?limit=5&skip=0 200 - 506 bytes - 7.528 ms
[11-Nov-2025 03:17:42 PM] 🟢 OPTIONS /admin/signin 204 - 0 bytes - 0.141 ms
[11-Nov-2025 03:17:42 PM] 🟢 POST /admin/signin 200 - 443 bytes - 105.276 ms
[11-Nov-2025 03:17:42 PM] 🟢 OPTIONS /admin/profile 204 - 0 bytes - 2.064 ms
[11-Nov-2025 03:17:42 PM] 🟢 OPTIONS /admin/dashboard/payment-info 204 - 0 bytes - 0.152 ms
[11-Nov-2025 03:17:42 PM] 🟢 GET /admin/profile 200 - 134 bytes - 14.894 ms
[11-Nov-2025 03:17:42 PM] 🟢 GET /admin/dashboard/payment-info 200 - 73 bytes - 12.174 ms
[11-Nov-2025 03:17:47 PM] 🟢 OPTIONS /admin/wallets/?page=0&limit=6 204 - 0 bytes - 0.107 ms
[11-Nov-2025 03:17:47 PM] 🟢 GET /admin/wallets/?page=0&limit=6 200 - 707 bytes - 8.786 ms
[11-Nov-2025 03:17:48 PM] 🟢 OPTIONS /admin/wallets/69130573b3de8fef3ba4a921 204 - 0 bytes - 0.230 ms
[11-Nov-2025 03:17:48 PM] 🟢 GET /admin/wallets/69130573b3de8fef3ba4a921 200 - 1288 bytes - 13.631 ms
[11-Nov-2025 03:18:46 PM] 🟢 OPTIONS /admin/wallets/69130573b3de8fef3ba4a921 204 - 0 bytes - 0.099 ms
[11-Nov-2025 03:18:46 PM] 🟢 PATCH /admin/wallets/69130573b3de8fef3ba4a921 200 - 68 bytes - 17.929 ms
[11-Nov-2025 03:18:49 PM] 🟢 OPTIONS /admin/wallets/?page=0&limit=6 204 - 0 bytes - 0.107 ms
[11-Nov-2025 03:18:49 PM] 🟢 GET /admin/wallets/?page=0&limit=6 200 - 710 bytes - 4.498 ms
[11-Nov-2025 03:18:50 PM] 🟢 GET /admin/wallets/69130573b3de8fef3ba4a921 200 - 1491 bytes - 3.503 ms
[11-Nov-2025 03:19:02 PM] 🟢 OPTIONS /service-providers/ 204 - 0 bytes - 0.074 ms
[11-Nov-2025 03:19:02 PM] 🟢 OPTIONS /service-providers/subscription-plans 204 - 0 bytes - 0.075 ms
[11-Nov-2025 03:19:02 PM] 🟢 OPTIONS /service-providers/wallet?limit=5&skip=0 204 - 0 bytes - 0.059 ms
[11-Nov-2025 03:19:03 PM] 🟢 GET /service-providers/ 201 - 1772 bytes - 8.557 ms
[11-Nov-2025 03:19:03 PM] 🟡 GET /service-providers/subscription-plans 304 - - bytes - 2.998 ms
[11-Nov-2025 03:19:03 PM] 🟢 GET /service-providers/wallet?limit=5&skip=0 200 - 711 bytes - 6.371 ms
[11-Nov-2025 03:24:58 PM] 🟢 OPTIONS /service-providers/ai-assistance/providers/6912e29c0048a5bae03d4fc8/chats 204 - 0 bytes - 0.190 ms
[11-Nov-2025 03:24:58 PM] 🟢 GET /service-providers/ai-assistance/providers/6912e29c0048a5bae03d4fc8/chats 200 - 2 bytes - 15.547 ms
[11-Nov-2025 03:25:05 PM] 🟢 OPTIONS /service-providers/ai-assistance/chats/ 204 - 0 bytes - 0.124 ms
[11-Nov-2025 03:25:10 PM] 🟢 POST /service-providers/ai-assistance/chats/ 200 - 152 bytes - 4745.217 ms
[11-Nov-2025 03:25:10 PM] 🟢 OPTIONS /service-providers/ai-assistance/chats/691307f9b3de8fef3ba4aa67 204 - 0 bytes - 0.238 ms
[11-Nov-2025 03:25:10 PM] 🟢 GET /service-providers/ai-assistance/chats/691307f9b3de8fef3ba4aa67 200 - 387 bytes - 5.453 ms
[11-Nov-2025 03:25:15 PM] 🟢 OPTIONS /service-providers/ 204 - 0 bytes - 0.102 ms
[11-Nov-2025 03:25:15 PM] 🟢 OPTIONS /service-providers/subscription-plans 204 - 0 bytes - 0.072 ms
[11-Nov-2025 03:25:15 PM] 🟢 OPTIONS /service-providers/ai-assistance/chats/691307f9b3de8fef3ba4aa67 204 - 0 bytes - 0.094 ms
[11-Nov-2025 03:25:15 PM] 🟢 GET /service-providers/ 201 - 1772 bytes - 12.478 ms
[11-Nov-2025 03:25:15 PM] 🟡 GET /service-providers/subscription-plans 304 - - bytes - 8.388 ms
[11-Nov-2025 03:25:15 PM] 🟡 GET /service-providers/ai-assistance/chats/691307f9b3de8fef3ba4aa67 304 - - bytes - 6.168 ms
[11-Nov-2025 03:25:15 PM] 🟢 OPTIONS /service-providers/ai-assistance/providers/6912e29c0048a5bae03d4fc8/chats 204 - 0 bytes - 0.133 ms
[11-Nov-2025 03:25:15 PM] 🟢 GET /service-providers/ai-assistance/providers/6912e29c0048a5bae03d4fc8/chats 200 - 389 bytes - 6.549 ms
[11-Nov-2025 03:26:16 PM] 🟢 OPTIONS /chat/chats 204 - 0 bytes - 0.119 ms
[11-Nov-2025 03:26:16 PM] 🟢 POST /chat/chats 200 - 2 bytes - 6.669 ms
[11-Nov-2025 03:26:22 PM] 🟢 OPTIONS /service-providers/ 204 - 0 bytes - 0.088 ms
[11-Nov-2025 03:26:22 PM] 🟢 OPTIONS /service-providers/subscription-plans 204 - 0 bytes - 0.092 ms
[11-Nov-2025 03:26:22 PM] 🟢 OPTIONS /chat/chats 204 - 0 bytes - 0.141 ms
[11-Nov-2025 03:26:22 PM] 🟢 GET /service-providers/ 201 - 1772 bytes - 8.881 ms
[11-Nov-2025 03:26:22 PM] 🟢 POST /chat/chats 200 - 2 bytes - 11.658 ms
[11-Nov-2025 03:26:22 PM] 🟡 GET /service-providers/subscription-plans 304 - - bytes - 10.481 ms
[11-Nov-2025 03:26:23 PM] 🟢 OPTIONS /service/bookings/serviceprovider?page=0&limit=4 204 - 0 bytes - 0.073 ms
[11-Nov-2025 03:26:23 PM] 🟢 GET /service/bookings/serviceprovider?page=0&limit=4 200 - 601 bytes - 6.705 ms
[11-Nov-2025 03:26:24 PM] 🟢 OPTIONS /service/ 204 - 0 bytes - 0.080 ms
[11-Nov-2025 03:26:24 PM] 🟢 GET /service/ 200 - 767 bytes - 21.088 ms
[11-Nov-2025 03:26:25 PM] 🟢 OPTIONS /service-providers/get-paymentinfo 204 - 0 bytes - 0.076 ms
[11-Nov-2025 03:26:25 PM] 🟢 GET /service-providers/get-paymentinfo 200 - 73 bytes - 10.370 ms
[11-Nov-2025 03:26:26 PM] 🟡 GET /service/ 304 - - bytes - 5.144 ms
[11-Nov-2025 03:26:44 PM] 🟢 OPTIONS /coupons/featured?skip=0 204 - 0 bytes - 0.127 ms
[11-Nov-2025 03:26:44 PM] 🟢 OPTIONS /coupons/featured?skip=0 204 - 0 bytes - 0.252 ms
[11-Nov-2025 03:26:44 PM] 🟢 OPTIONS /profile 204 - 0 bytes - 0.072 ms
[11-Nov-2025 03:26:44 PM] 🟢 OPTIONS /notification 204 - 0 bytes - 0.080 ms
[11-Nov-2025 03:26:45 PM] 🟡 GET /banners/active 304 - - bytes - 14.258 ms
[11-Nov-2025 03:26:45 PM] 🟡 GET /getactive/services/?limit=3 304 - - bytes - 35.903 ms
[11-Nov-2025 03:26:45 PM] 🟡 GET /coupons/featured?skip=0 304 - - bytes - 25.488 ms
[11-Nov-2025 03:26:45 PM] 🟡 GET /profile 304 - - bytes - 40.154 ms
[11-Nov-2025 03:26:45 PM] 🟡 GET /notification 304 - - bytes - 42.569 ms
[11-Nov-2025 03:26:45 PM] 🟡 GET /coupons/featured?skip=0 304 - - bytes - 17.071 ms
[11-Nov-2025 03:26:46 PM] 🟡 GET /coupons/featured?skip=0 304 - - bytes - 5.345 ms
[11-Nov-2025 03:26:46 PM] 🟡 GET /coupons/featured?skip=0 304 - - bytes - 10.044 ms
[11-Nov-2025 03:26:47 PM] 🟢 OPTIONS /service-providers/verify 204 - 0 bytes - 0.301 ms
[11-Nov-2025 03:26:47 PM] 🟡 GET /service-providers/verify 304 - - bytes - 12.749 ms
[11-Nov-2025 03:26:47 PM] 🟢 OPTIONS /service-providers/ 204 - 0 bytes - 0.249 ms
[11-Nov-2025 03:26:47 PM] 🟢 OPTIONS /service-providers/subscription-plans 204 - 0 bytes - 0.177 ms
[11-Nov-2025 03:26:47 PM] 🟢 OPTIONS /service-providers/get-paymentinfo 204 - 0 bytes - 0.380 ms
[11-Nov-2025 03:26:47 PM] 🟢 GET /service-providers/ 201 - 1772 bytes - 20.503 ms
[11-Nov-2025 03:26:47 PM] 🟡 GET /service-providers/subscription-plans 304 - - bytes - 10.590 ms
[11-Nov-2025 03:26:47 PM] 🟡 GET /service-providers/get-paymentinfo 304 - - bytes - 8.466 ms
[11-Nov-2025 03:26:50 PM] 🟢 OPTIONS /chat/chats 204 - 0 bytes - 0.081 ms
[11-Nov-2025 03:26:50 PM] 🟢 POST /chat/chats 200 - 2 bytes - 9.172 ms
[11-Nov-2025 03:26:51 PM] 🟢 OPTIONS /service-providers/ai-assistance/providers/6912e29c0048a5bae03d4fc8/chats 204 - 0 bytes - 0.095 ms
[11-Nov-2025 03:26:51 PM] 🟡 GET /service-providers/ai-assistance/providers/6912e29c0048a5bae03d4fc8/chats 304 - - bytes - 3.687 ms
[11-Nov-2025 03:26:54 PM] 🟢 OPTIONS /coupons/featured?skip=0 204 - 0 bytes - 0.116 ms
[11-Nov-2025 03:26:54 PM] 🟡 GET /banners/active 304 - - bytes - 26.520 ms
[11-Nov-2025 03:26:54 PM] 🟢 OPTIONS /coupons/featured?skip=0 204 - 0 bytes - 0.100 ms
[11-Nov-2025 03:26:54 PM] 🟡 GET /getactive/services/?limit=3 304 - - bytes - 39.445 ms
[11-Nov-2025 03:26:54 PM] 🟢 OPTIONS /notification 204 - 0 bytes - 0.188 ms
[11-Nov-2025 03:26:54 PM] 🟡 GET /coupons/featured?skip=0 304 - - bytes - 19.064 ms
[11-Nov-2025 03:26:54 PM] 🟡 GET /coupons/featured?skip=0 304 - - bytes - 13.459 ms
[11-Nov-2025 03:26:54 PM] 🟡 GET /notification 304 - - bytes - 21.135 ms
[11-Nov-2025 06:39:49 PM] 🟡 GET /banners/active 304 - - bytes - 99.132 ms
[11-Nov-2025 06:39:49 PM] 🟢 OPTIONS /coupons/featured?skip=0 204 - 0 bytes - 0.916 ms
[11-Nov-2025 06:39:49 PM] 🟢 OPTIONS /coupons/featured?skip=0 204 - 0 bytes - 0.101 ms
[11-Nov-2025 06:39:50 PM] 🟡 GET /getactive/services/?limit=3 304 - - bytes - 240.583 ms
[11-Nov-2025 06:39:50 PM] 🟢 OPTIONS /profile 204 - 0 bytes - 0.100 ms
[11-Nov-2025 06:39:50 PM] 🟢 OPTIONS /notification 204 - 0 bytes - 0.103 ms
[11-Nov-2025 06:39:50 PM] 🟢 OPTIONS /admin/profile 204 - 0 bytes - 0.103 ms
[11-Nov-2025 06:39:50 PM] 🟢 OPTIONS /admin/wallets/69130573b3de8fef3ba4a921 204 - 0 bytes - 0.113 ms
[11-Nov-2025 06:39:50 PM] 🔴 GET /admin/profile 401 - 52 bytes - 36.902 ms
[11-Nov-2025 06:39:50 PM] 🟡 GET /coupons/featured?skip=0 304 - - bytes - 71.089 ms
[11-Nov-2025 06:39:50 PM] 🔴 GET /profile 401 - 52 bytes - 1.724 ms
[11-Nov-2025 06:39:50 PM] 🟡 GET /admin/wallets/69130573b3de8fef3ba4a921 304 - - bytes - 37.478 ms
[11-Nov-2025 06:39:50 PM] 🔴 GET /notification 401 - 52 bytes - 1.530 ms
[11-Nov-2025 06:39:50 PM] 🟡 GET /coupons/featured?skip=0 304 - - bytes - 23.147 ms
[11-Nov-2025 06:39:50 PM] 🟢 OPTIONS /admin-refresh-token 204 - 0 bytes - 0.100 ms
[11-Nov-2025 06:39:50 PM] 🟢 OPTIONS /refresh-token 204 - 0 bytes - 0.112 ms
[11-Nov-2025 06:39:50 PM] 🟢 POST /admin-refresh-token 200 - 194 bytes - 38.877 ms
[11-Nov-2025 06:39:50 PM] 🟢 POST /refresh-token 200 - 194 bytes - 28.632 ms
[11-Nov-2025 06:39:50 PM] 🟢 POST /refresh-token 200 - 194 bytes - 21.516 ms
[11-Nov-2025 06:39:50 PM] 🟡 GET /admin/profile 304 - - bytes - 7.837 ms
[11-Nov-2025 06:39:50 PM] 🟡 GET /profile 304 - - bytes - 38.311 ms
[11-Nov-2025 06:39:50 PM] 🟡 GET /notification 304 - - bytes - 31.781 ms
[11-Nov-2025 06:39:51 PM] 🟡 GET /banners/active 304 - - bytes - 18.233 ms
[11-Nov-2025 06:39:51 PM] 🟡 GET /getactive/services/?limit=3 304 - - bytes - 40.129 ms
[11-Nov-2025 06:39:51 PM] 🟡 GET /coupons/featured?skip=0 304 - - bytes - 35.988 ms
[11-Nov-2025 06:39:51 PM] 🟡 GET /profile 304 - - bytes - 30.136 ms
[11-Nov-2025 06:39:51 PM] 🟡 GET /notification 304 - - bytes - 26.808 ms
[11-Nov-2025 06:39:51 PM] 🟡 GET /coupons/featured?skip=0 304 - - bytes - 22.676 ms
[11-Nov-2025 06:39:51 PM] 🟡 GET /banners/active 304 - - bytes - 16.332 ms
[11-Nov-2025 06:39:51 PM] 🟢 OPTIONS /coupons/featured?skip=0 204 - 0 bytes - 0.145 ms
[11-Nov-2025 06:39:51 PM] 🟡 GET /getactive/services/?limit=3 304 - - bytes - 30.999 ms
[11-Nov-2025 06:39:51 PM] 🟢 OPTIONS /coupons/featured?skip=0 204 - 0 bytes - 0.096 ms
[11-Nov-2025 06:39:51 PM] 🟢 OPTIONS /profile 204 - 0 bytes - 0.099 ms
[11-Nov-2025 06:39:51 PM] 🟢 OPTIONS /notification 204 - 0 bytes - 0.231 ms
[11-Nov-2025 06:39:51 PM] 🔴 GET /profile 401 - 52 bytes - 1.354 ms
[11-Nov-2025 06:39:51 PM] 🔴 GET /notification 401 - 52 bytes - 1.240 ms
[11-Nov-2025 06:39:51 PM] 🟡 GET /coupons/featured?skip=0 304 - - bytes - 17.016 ms
[11-Nov-2025 06:39:51 PM] 🟡 GET /coupons/featured?skip=0 304 - - bytes - 4.994 ms
[11-Nov-2025 06:39:51 PM] 🟢 OPTIONS /refresh-token 204 - 0 bytes - 0.122 ms
[11-Nov-2025 06:39:51 PM] 🟢 POST /refresh-token 200 - 194 bytes - 26.480 ms
[11-Nov-2025 06:39:51 PM] 🟢 POST /refresh-token 200 - 194 bytes - 26.426 ms
[11-Nov-2025 06:39:51 PM] 🟡 GET /profile 304 - - bytes - 6.381 ms
[11-Nov-2025 06:39:51 PM] 🟢 GET /notification 200 - 666 bytes - 20.968 ms
[11-Nov-2025 06:48:01 PM] 🟢 OPTIONS /coupons/featured?skip=0 204 - 0 bytes - 0.131 ms
[11-Nov-2025 06:48:01 PM] 🟢 OPTIONS /coupons/featured?skip=0 204 - 0 bytes - 0.173 ms
[11-Nov-2025 06:48:01 PM] 🟡 GET /getactive/services/?limit=3 304 - - bytes - 47.289 ms
[11-Nov-2025 06:48:01 PM] 🟡 GET /banners/active 304 - - bytes - 22.500 ms
[11-Nov-2025 06:48:01 PM] 🟢 OPTIONS /profile 204 - 0 bytes - 0.105 ms
[11-Nov-2025 06:48:01 PM] 🟢 OPTIONS /notification 204 - 0 bytes - 0.108 ms
[11-Nov-2025 06:48:01 PM] 🟡 GET /coupons/featured?skip=0 304 - - bytes - 7.161 ms
[11-Nov-2025 06:48:01 PM] 🟡 GET /coupons/featured?skip=0 304 - - bytes - 38.949 ms
[11-Nov-2025 06:48:01 PM] 🟡 GET /profile 304 - - bytes - 39.948 ms
[11-Nov-2025 06:48:01 PM] 🟡 GET /notification 304 - - bytes - 35.810 ms
[11-Nov-2025 06:48:02 PM] 🟡 GET /coupons/featured?skip=0 304 - - bytes - 8.481 ms
[11-Nov-2025 06:48:02 PM] 🟡 GET /coupons/featured?skip=0 304 - - bytes - 10.956 ms
[11-Nov-2025 06:48:29 PM] 🟡 GET /getactive/services/?limit=3 304 - - bytes - 24.200 ms
[11-Nov-2025 06:48:29 PM] 🟡 GET /banners/active 304 - - bytes - 26.421 ms
[11-Nov-2025 06:48:29 PM] 🟢 OPTIONS /coupons/featured?skip=0 204 - 0 bytes - 0.175 ms
[11-Nov-2025 06:48:29 PM] 🟢 OPTIONS /coupons/featured?skip=0 204 - 0 bytes - 0.229 ms
[11-Nov-2025 06:48:29 PM] 🟢 OPTIONS /notification 204 - 0 bytes - 0.272 ms
[11-Nov-2025 06:48:29 PM] 🟡 GET /coupons/featured?skip=0 304 - - bytes - 34.320 ms
[11-Nov-2025 06:48:29 PM] 🟡 GET /notification 304 - - bytes - 30.596 ms
[11-Nov-2025 06:48:29 PM] 🟡 GET /coupons/featured?skip=0 304 - - bytes - 10.289 ms
[11-Nov-2025 06:49:07 PM] 🟡 GET /banners/active 304 - - bytes - 41.679 ms
[11-Nov-2025 06:49:07 PM] 🟢 OPTIONS /coupons/featured?skip=0 204 - 0 bytes - 0.235 ms
[11-Nov-2025 06:49:07 PM] 🟡 GET /getactive/services/?limit=3 304 - - bytes - 97.667 ms
[11-Nov-2025 06:49:07 PM] 🟢 OPTIONS /coupons/featured?skip=0 204 - 0 bytes - 0.124 ms
[11-Nov-2025 06:49:07 PM] 🟢 OPTIONS /notification 204 - 0 bytes - 0.120 ms
[11-Nov-2025 06:49:07 PM] 🟡 GET /coupons/featured?skip=0 304 - - bytes - 49.012 ms
[11-Nov-2025 06:49:07 PM] 🟡 GET /notification 304 - - bytes - 40.854 ms
[11-Nov-2025 06:49:07 PM] 🟡 GET /coupons/featured?skip=0 304 - - bytes - 17.562 ms
[11-Nov-2025 06:51:33 PM] 🟡 GET /banners/active 304 - - bytes - 16.052 ms
[11-Nov-2025 06:51:33 PM] 🟢 OPTIONS /coupons/featured?skip=0 204 - 0 bytes - 0.160 ms
[11-Nov-2025 06:51:33 PM] 🟡 GET /getactive/services/?limit=3 304 - - bytes - 28.944 ms
[11-Nov-2025 06:51:33 PM] 🟢 OPTIONS /coupons/featured?skip=0 204 - 0 bytes - 0.112 ms
[11-Nov-2025 06:51:33 PM] 🟢 OPTIONS /notification 204 - 0 bytes - 0.178 ms
[11-Nov-2025 06:51:33 PM] 🟡 GET /coupons/featured?skip=0 304 - - bytes - 12.219 ms
[11-Nov-2025 06:51:33 PM] 🟡 GET /notification 304 - - bytes - 17.462 ms
[11-Nov-2025 06:51:33 PM] 🟡 GET /coupons/featured?skip=0 304 - - bytes - 14.846 ms
[11-Nov-2025 06:51:48 PM] 🟢 OPTIONS /coupons/featured?skip=0 204 - 0 bytes - 0.209 ms
[11-Nov-2025 06:51:48 PM] 🟢 OPTIONS /coupons/featured?skip=0 204 - 0 bytes - 0.116 ms
[11-Nov-2025 06:51:48 PM] 🟢 OPTIONS /profile 204 - 0 bytes - 0.250 ms
[11-Nov-2025 06:51:48 PM] 🟢 OPTIONS /notification 204 - 0 bytes - 0.094 ms
[11-Nov-2025 06:51:55 PM] 🟢 OPTIONS /chat/chats 204 - 0 bytes - 0.159 ms
[11-Nov-2025 06:51:55 PM] 🟢 POST /chat/chats 200 - 2 bytes - 13.108 ms
[11-Nov-2025 06:51:56 PM] 🟢 OPTIONS /service/bookings?count=true 204 - 0 bytes - 0.228 ms
[11-Nov-2025 06:51:56 PM] 🟢 OPTIONS /service/bookings?page=0&limit=3 204 - 0 bytes - 0.166 ms
[11-Nov-2025 06:51:56 PM] 🟢 GET /service/bookings?count=true 200 - 11 bytes - 31.015 ms
[11-Nov-2025 06:51:56 PM] 🟢 GET /service/bookings?page=0&limit=3 200 - 14 bytes - 15.899 ms
[11-Nov-2025 06:52:00 PM] 🟡 GET /service/bookings?count=true 304 - - bytes - 20.724 ms
[11-Nov-2025 06:52:00 PM] 🟡 GET /service/bookings?page=0&limit=3 304 - - bytes - 18.480 ms
[11-Nov-2025 06:52:01 PM] 🟢 OPTIONS /themes 204 - 0 bytes - 0.127 ms
[11-Nov-2025 06:52:01 PM] 🟢 GET /themes 200 - 244 bytes - 20.757 ms
[11-Nov-2025 06:52:06 PM] 🟢 OPTIONS /coupons/featured?skip=0 204 - 0 bytes - 0.289 ms
[11-Nov-2025 06:52:06 PM] 🟢 OPTIONS /coupons/featured?skip=0 204 - 0 bytes - 0.263 ms
[11-Nov-2025 06:52:06 PM] 🟡 GET /coupons/featured?skip=0 304 - - bytes - 20.816 ms
[11-Nov-2025 06:52:06 PM] 🟢 OPTIONS /service/bookings?count=true 204 - 0 bytes - 0.183 ms
[11-Nov-2025 06:52:06 PM] 🟢 OPTIONS /service/bookings?page=0&limit=3 204 - 0 bytes - 0.085 ms
[11-Nov-2025 06:52:06 PM] 🟡 GET /coupons/featured?skip=0 304 - - bytes - 22.036 ms
[11-Nov-2025 06:52:06 PM] 🟡 GET /service/bookings?count=true 304 - - bytes - 29.678 ms
[11-Nov-2025 06:52:06 PM] 🟡 GET /service/bookings?page=0&limit=3 304 - - bytes - 25.951 ms
[11-Nov-2025 06:52:08 PM] 🟡 GET /service/bookings?count=true 304 - - bytes - 25.251 ms
[11-Nov-2025 06:52:08 PM] 🟡 GET /service/bookings?page=0&limit=3 304 - - bytes - 25.307 ms
[11-Nov-2025 06:52:08 PM] 🟢 OPTIONS /chat/chats 204 - 0 bytes - 0.393 ms
[11-Nov-2025 06:52:08 PM] 🟢 POST /chat/chats 200 - 2 bytes - 23.418 ms
[11-Nov-2025 06:52:09 PM] 🟡 GET /banners/active 304 - - bytes - 21.678 ms
[11-Nov-2025 06:52:09 PM] 🟡 GET /getactive/services/?limit=3 304 - - bytes - 28.218 ms
[11-Nov-2025 06:52:11 PM] 🟢 OPTIONS /service-providers/ 204 - 0 bytes - 0.283 ms
[11-Nov-2025 06:52:11 PM] 🟢 OPTIONS /service-providers/subscription-plans 204 - 0 bytes - 0.217 ms
[11-Nov-2025 06:52:11 PM] 🟢 GET /service-providers/ 201 - 1772 bytes - 44.347 ms
[11-Nov-2025 06:52:11 PM] 🟡 GET /service-providers/subscription-plans 304 - - bytes - 41.274 ms
[11-Nov-2025 06:52:12 PM] 🟢 OPTIONS /service-providers/ai-assistance/providers/6912e29c0048a5bae03d4fc8/chats 204 - 0 bytes - 0.276 ms
[11-Nov-2025 06:52:12 PM] 🟡 GET /service-providers/ai-assistance/providers/6912e29c0048a5bae03d4fc8/chats 304 - - bytes - 18.715 ms
[11-Nov-2025 06:52:13 PM] 🟡 GET /banners/active 304 - - bytes - 17.272 ms
[11-Nov-2025 06:52:13 PM] 🟡 GET /getactive/services/?limit=3 304 - - bytes - 24.444 ms
[11-Nov-2025 06:52:13 PM] 🟢 OPTIONS /coupons/featured?skip=0 204 - 0 bytes - 0.124 ms
[11-Nov-2025 06:52:13 PM] 🟢 OPTIONS /coupons/featured?skip=0 204 - 0 bytes - 0.112 ms
[11-Nov-2025 06:52:13 PM] 🟢 OPTIONS /notification 204 - 0 bytes - 0.139 ms
[11-Nov-2025 06:52:13 PM] 🟡 GET /coupons/featured?skip=0 304 - - bytes - 23.388 ms
[11-Nov-2025 06:52:13 PM] 🟡 GET /notification 304 - - bytes - 25.225 ms
[11-Nov-2025 06:52:13 PM] 🟡 GET /coupons/featured?skip=0 304 - - bytes - 9.304 ms
[11-Nov-2025 06:52:13 PM] 🟢 OPTIONS /chat/chats 204 - 0 bytes - 0.119 ms
[11-Nov-2025 06:52:13 PM] 🟢 POST /chat/chats 200 - 2 bytes - 6.566 ms
[11-Nov-2025 06:52:14 PM] 🟡 GET /banners/active 304 - - bytes - 15.454 ms
[11-Nov-2025 06:52:14 PM] 🟡 GET /getactive/services/?limit=3 304 - - bytes - 25.436 ms
[11-Nov-2025 06:52:30 PM] 🟡 GET /banners/active 304 - - bytes - 19.157 ms
[11-Nov-2025 06:52:30 PM] 🟢 OPTIONS /coupons/featured?skip=0 204 - 0 bytes - 0.105 ms
[11-Nov-2025 06:52:30 PM] 🟢 OPTIONS /coupons/featured?skip=0 204 - 0 bytes - 0.148 ms
[11-Nov-2025 06:52:30 PM] 🟡 GET /getactive/services/?limit=3 304 - - bytes - 37.819 ms
[11-Nov-2025 06:52:30 PM] 🟢 OPTIONS /profile 204 - 0 bytes - 0.112 ms
[11-Nov-2025 06:52:30 PM] 🟢 OPTIONS /notification 204 - 0 bytes - 0.185 ms
[11-Nov-2025 06:52:30 PM] 🟡 GET /coupons/featured?skip=0 304 - - bytes - 13.940 ms
[11-Nov-2025 06:52:30 PM] 🟡 GET /profile 304 - - bytes - 32.607 ms
[11-Nov-2025 06:52:30 PM] 🟡 GET /coupons/featured?skip=0 304 - - bytes - 22.735 ms
[11-Nov-2025 06:52:30 PM] 🟡 GET /notification 304 - - bytes - 29.795 ms
[11-Nov-2025 06:52:31 PM] 🟡 GET /coupons/featured?skip=0 304 - - bytes - 16.239 ms
[11-Nov-2025 06:52:31 PM] 🟡 GET /coupons/featured?skip=0 304 - - bytes - 11.348 ms
[11-Nov-2025 06:52:36 PM] 🟢 OPTIONS /themes 204 - 0 bytes - 0.105 ms
[11-Nov-2025 06:52:36 PM] 🟡 GET /themes 304 - - bytes - 8.757 ms
[11-Nov-2025 06:52:56 PM] 🟢 OPTIONS /coupons/featured?skip=0 204 - 0 bytes - 1.299 ms
[11-Nov-2025 06:52:56 PM] 🟢 OPTIONS /coupons/featured?skip=0 204 - 0 bytes - 0.091 ms
[11-Nov-2025 06:52:56 PM] 🟢 OPTIONS /profile 204 - 0 bytes - 0.144 ms
[11-Nov-2025 06:52:56 PM] 🟢 OPTIONS /notification 204 - 0 bytes - 0.125 ms
[11-Nov-2025 06:52:56 PM] 🟢 OPTIONS /themes 204 - 0 bytes - 0.206 ms
[11-Nov-2025 08:48:54 PM] 🟡 GET /banners/active 304 - - bytes - 49.874 ms
[11-Nov-2025 08:48:54 PM] 🟢 OPTIONS /coupons/featured?skip=0 204 - 0 bytes - 0.411 ms
[11-Nov-2025 08:48:54 PM] 🟢 OPTIONS /coupons/featured?skip=0 204 - 0 bytes - 0.169 ms
[11-Nov-2025 08:48:54 PM] 🟡 GET /getactive/services/?limit=3 304 - - bytes - 75.080 ms
[11-Nov-2025 08:48:54 PM] 🟢 OPTIONS /profile 204 - 0 bytes - 0.149 ms
[11-Nov-2025 08:48:54 PM] 🟢 OPTIONS /notification 204 - 0 bytes - 0.140 ms
[11-Nov-2025 08:48:54 PM] 🔴 GET /profile 401 - 52 bytes - 11.361 ms
[11-Nov-2025 08:48:54 PM] 🔴 GET /notification 401 - 52 bytes - 3.464 ms
[11-Nov-2025 08:48:54 PM] 🟡 GET /coupons/featured?skip=0 304 - - bytes - 42.853 ms
[11-Nov-2025 08:48:54 PM] 🟡 GET /coupons/featured?skip=0 304 - - bytes - 9.782 ms
[11-Nov-2025 08:48:54 PM] 🟢 OPTIONS /refresh-token 204 - 0 bytes - 0.148 ms
[11-Nov-2025 08:48:54 PM] 🟢 POST /refresh-token 200 - 194 bytes - 16.119 ms
[11-Nov-2025 08:48:54 PM] 🟢 POST /refresh-token 200 - 194 bytes - 14.221 ms
[11-Nov-2025 08:48:54 PM] 🟡 GET /profile 304 - - bytes - 13.664 ms
[11-Nov-2025 08:48:54 PM] 🟡 GET /notification 304 - - bytes - 20.730 ms
[11-Nov-2025 08:48:56 PM] 🟢 OPTIONS /service-providers/verify 204 - 0 bytes - 0.157 ms
[11-Nov-2025 08:48:56 PM] 🟡 GET /service-providers/verify 304 - - bytes - 14.218 ms
[11-Nov-2025 08:48:56 PM] 🟢 OPTIONS /service-providers/ 204 - 0 bytes - 0.173 ms
[11-Nov-2025 08:48:56 PM] 🟢 OPTIONS /service-providers/subscription-plans 204 - 0 bytes - 0.156 ms
[11-Nov-2025 08:48:56 PM] 🟢 OPTIONS /service-providers/get-paymentinfo 204 - 0 bytes - 0.215 ms
[11-Nov-2025 08:48:56 PM] 🟢 GET /service-providers/ 201 - 1772 bytes - 25.246 ms
[11-Nov-2025 08:48:56 PM] 🟡 GET /service-providers/subscription-plans 304 - - bytes - 22.500 ms
[11-Nov-2025 08:48:56 PM] 🟡 GET /service-providers/get-paymentinfo 304 - - bytes - 23.463 ms
[11-Nov-2025 08:48:56 PM] 🟡 GET /banners/active 304 - - bytes - 26.898 ms
[11-Nov-2025 08:48:56 PM] 🟡 GET /getactive/services/?limit=3 304 - - bytes - 53.137 ms
[11-Nov-2025 08:48:56 PM] 🟡 GET /coupons/featured?skip=0 304 - - bytes - 41.002 ms
[11-Nov-2025 08:48:56 PM] 🟡 GET /notification 304 - - bytes - 40.190 ms
[11-Nov-2025 08:48:56 PM] 🟡 GET /coupons/featured?skip=0 304 - - bytes - 7.627 ms
[11-Nov-2025 08:48:57 PM] 🟡 GET /service-providers/verify 304 - - bytes - 18.325 ms
[11-Nov-2025 08:48:57 PM] 🟢 GET /service-providers/ 201 - 1772 bytes - 23.963 ms
[11-Nov-2025 08:48:57 PM] 🟡 GET /service-providers/subscription-plans 304 - - bytes - 23.984 ms
[11-Nov-2025 08:48:57 PM] 🟡 GET /service-providers/get-paymentinfo 304 - - bytes - 21.475 ms
[11-Nov-2025 08:48:58 PM] 🟡 GET /banners/active 304 - - bytes - 23.016 ms
[11-Nov-2025 08:48:58 PM] 🟡 GET /getactive/services/?limit=3 304 - - bytes - 36.038 ms
[11-Nov-2025 08:48:58 PM] 🟡 GET /coupons/featured?skip=0 304 - - bytes - 32.424 ms
[11-Nov-2025 08:48:58 PM] 🟡 GET /notification 304 - - bytes - 32.328 ms
[11-Nov-2025 08:48:58 PM] 🟡 GET /coupons/featured?skip=0 304 - - bytes - 13.064 ms
[11-Nov-2025 08:48:58 PM] 🟡 GET /service-providers/verify 304 - - bytes - 18.432 ms
[11-Nov-2025 08:48:58 PM] 🟢 GET /service-providers/ 201 - 1772 bytes - 10.249 ms
[11-Nov-2025 08:48:58 PM] 🟡 GET /service-providers/subscription-plans 304 - - bytes - 9.680 ms
[11-Nov-2025 08:48:58 PM] 🟡 GET /service-providers/get-paymentinfo 304 - - bytes - 13.732 ms
[11-Nov-2025 08:48:58 PM] 🟡 GET /banners/active 304 - - bytes - 17.339 ms
[11-Nov-2025 08:48:58 PM] 🟡 GET /coupons/featured?skip=0 304 - - bytes - 29.907 ms
[11-Nov-2025 08:48:58 PM] 🟡 GET /notification 304 - - bytes - 27.040 ms
[11-Nov-2025 08:48:58 PM] 🟡 GET /getactive/services/?limit=3 304 - - bytes - 40.386 ms
[11-Nov-2025 08:48:58 PM] 🟡 GET /coupons/featured?skip=0 304 - - bytes - 8.663 ms
[11-Nov-2025 08:48:59 PM] 🟡 GET /service-providers/verify 304 - - bytes - 17.906 ms
[11-Nov-2025 08:48:59 PM] 🟢 GET /service-providers/ 201 - 1772 bytes - 21.701 ms
[11-Nov-2025 08:48:59 PM] 🟡 GET /service-providers/subscription-plans 304 - - bytes - 18.127 ms
[11-Nov-2025 08:48:59 PM] 🟡 GET /service-providers/get-paymentinfo 304 - - bytes - 16.137 ms
[11-Nov-2025 08:48:59 PM] 🟢 OPTIONS /coupons/featured?skip=0 204 - 0 bytes - 0.133 ms
[11-Nov-2025 08:48:59 PM] 🟢 OPTIONS /coupons/featured?skip=0 204 - 0 bytes - 0.132 ms
[11-Nov-2025 08:48:59 PM] 🟡 GET /banners/active 304 - - bytes - 21.952 ms
[11-Nov-2025 08:48:59 PM] 🟡 GET /getactive/services/?limit=3 304 - - bytes - 40.159 ms
[11-Nov-2025 08:48:59 PM] 🟡 GET /notification 304 - - bytes - 40.728 ms
[11-Nov-2025 08:48:59 PM] 🟡 GET /coupons/featured?skip=0 304 - - bytes - 39.603 ms
[11-Nov-2025 08:48:59 PM] 🟡 GET /coupons/featured?skip=0 304 - - bytes - 14.151 ms
[11-Nov-2025 08:49:00 PM] 🟡 GET /service-providers/verify 304 - - bytes - 15.434 ms
[11-Nov-2025 08:49:00 PM] 🟢 GET /service-providers/ 201 - 1772 bytes - 14.976 ms
[11-Nov-2025 08:49:00 PM] 🟡 GET /service-providers/subscription-plans 304 - - bytes - 16.495 ms
[11-Nov-2025 08:49:00 PM] 🟡 GET /service-providers/get-paymentinfo 304 - - bytes - 22.068 ms
[11-Nov-2025 08:49:00 PM] 🟢 OPTIONS /notification 204 - 0 bytes - 0.100 ms
[11-Nov-2025 08:49:00 PM] 🟡 GET /banners/active 304 - - bytes - 18.404 ms
[11-Nov-2025 08:49:00 PM] 🟡 GET /coupons/featured?skip=0 304 - - bytes - 19.249 ms
[11-Nov-2025 08:49:00 PM] 🟡 GET /getactive/services/?limit=3 304 - - bytes - 35.429 ms
[11-Nov-2025 08:49:00 PM] 🟡 GET /notification 304 - - bytes - 21.053 ms
[11-Nov-2025 08:49:00 PM] 🟡 GET /coupons/featured?skip=0 304 - - bytes - 13.127 ms
[11-Nov-2025 08:49:00 PM] 🟡 GET /service-providers/verify 304 - - bytes - 15.914 ms
[11-Nov-2025 08:49:01 PM] 🟢 GET /service-providers/ 201 - 1772 bytes - 16.019 ms
[11-Nov-2025 08:49:01 PM] 🟡 GET /service-providers/subscription-plans 304 - - bytes - 12.427 ms
[11-Nov-2025 08:49:01 PM] 🟡 GET /service-providers/get-paymentinfo 304 - - bytes - 12.723 ms
[11-Nov-2025 08:49:01 PM] 🟡 GET /banners/active 304 - - bytes - 20.453 ms
[11-Nov-2025 08:49:01 PM] 🟡 GET /getactive/services/?limit=3 304 - - bytes - 39.531 ms
[11-Nov-2025 08:49:01 PM] 🟡 GET /coupons/featured?skip=0 304 - - bytes - 38.369 ms
[11-Nov-2025 08:49:01 PM] 🟡 GET /notification 304 - - bytes - 37.690 ms
[11-Nov-2025 08:49:01 PM] 🟡 GET /coupons/featured?skip=0 304 - - bytes - 27.326 ms
[11-Nov-2025 08:49:01 PM] 🟢 OPTIONS /service-providers/verify 204 - 0 bytes - 1.470 ms
[11-Nov-2025 08:49:01 PM] 🟡 GET /service-providers/verify 304 - - bytes - 19.771 ms
[11-Nov-2025 08:49:01 PM] 🟢 OPTIONS /service-providers/ 204 - 0 bytes - 0.825 ms
[11-Nov-2025 08:49:01 PM] 🟢 OPTIONS /service-providers/subscription-plans 204 - 0 bytes - 0.151 ms
[11-Nov-2025 08:49:01 PM] 🟢 OPTIONS /service-providers/get-paymentinfo 204 - 0 bytes - 0.138 ms
[11-Nov-2025 08:49:01 PM] 🟢 GET /service-providers/ 201 - 1772 bytes - 25.693 ms
[11-Nov-2025 08:49:01 PM] 🟡 GET /service-providers/subscription-plans 304 - - bytes - 20.817 ms
[11-Nov-2025 08:49:01 PM] 🟡 GET /service-providers/get-paymentinfo 304 - - bytes - 23.857 ms
[11-Nov-2025 08:49:01 PM] 🟡 GET /banners/active 304 - - bytes - 19.588 ms
[11-Nov-2025 08:49:01 PM] 🟡 GET /coupons/featured?skip=0 304 - - bytes - 28.269 ms
[11-Nov-2025 08:49:01 PM] 🟡 GET /notification 304 - - bytes - 27.519 ms
[11-Nov-2025 08:49:01 PM] 🟡 GET /getactive/services/?limit=3 304 - - bytes - 40.194 ms
[11-Nov-2025 08:49:01 PM] 🟡 GET /coupons/featured?skip=0 304 - - bytes - 11.505 ms
[11-Nov-2025 08:49:02 PM] 🟡 GET /service-providers/verify 304 - - bytes - 23.809 ms
[11-Nov-2025 08:49:02 PM] 🟢 GET /service-providers/ 201 - 1772 bytes - 21.703 ms
[11-Nov-2025 08:49:02 PM] 🟡 GET /service-providers/subscription-plans 304 - - bytes - 23.944 ms
[11-Nov-2025 08:49:02 PM] 🟡 GET /service-providers/get-paymentinfo 304 - - bytes - 23.448 ms
[11-Nov-2025 08:49:03 PM] 🟡 GET /banners/active 304 - - bytes - 27.837 ms
[11-Nov-2025 08:49:03 PM] 🟡 GET /getactive/services/?limit=3 304 - - bytes - 41.886 ms
[11-Nov-2025 08:49:03 PM] 🟡 GET /coupons/featured?skip=0 304 - - bytes - 35.106 ms
[11-Nov-2025 08:49:03 PM] 🟡 GET /notification 304 - - bytes - 33.259 ms
[11-Nov-2025 08:49:03 PM] 🟡 GET /coupons/featured?skip=0 304 - - bytes - 8.227 ms
[11-Nov-2025 08:49:03 PM] 🟡 GET /service-providers/verify 304 - - bytes - 14.321 ms
[11-Nov-2025 08:49:03 PM] 🟢 GET /service-providers/ 201 - 1772 bytes - 29.770 ms
[11-Nov-2025 08:49:03 PM] 🟡 GET /service-providers/subscription-plans 304 - - bytes - 22.387 ms
[11-Nov-2025 08:49:03 PM] 🟡 GET /service-providers/get-paymentinfo 304 - - bytes - 22.312 ms
[11-Nov-2025 08:49:03 PM] 🟡 GET /banners/active 304 - - bytes - 24.476 ms
[11-Nov-2025 08:49:03 PM] 🟡 GET /coupons/featured?skip=0 304 - - bytes - 35.133 ms
[11-Nov-2025 08:49:03 PM] 🟡 GET /getactive/services/?limit=3 304 - - bytes - 52.459 ms
[11-Nov-2025 08:49:03 PM] 🟡 GET /notification 304 - - bytes - 44.395 ms
[11-Nov-2025 08:49:03 PM] 🟡 GET /coupons/featured?skip=0 304 - - bytes - 16.793 ms
[11-Nov-2025 08:49:04 PM] 🟡 GET /service-providers/verify 304 - - bytes - 14.610 ms
[11-Nov-2025 08:49:04 PM] 🟢 GET /service-providers/ 201 - 1772 bytes - 24.904 ms
[11-Nov-2025 08:49:04 PM] 🟡 GET /service-providers/subscription-plans 304 - - bytes - 20.018 ms
[11-Nov-2025 08:49:04 PM] 🟡 GET /service-providers/get-paymentinfo 304 - - bytes - 19.910 ms
[11-Nov-2025 08:49:04 PM] 🟡 GET /banners/active 304 - - bytes - 24.909 ms
[11-Nov-2025 08:49:04 PM] 🟡 GET /coupons/featured?skip=0 304 - - bytes - 32.910 ms
[11-Nov-2025 08:49:04 PM] 🟡 GET /getactive/services/?limit=3 304 - - bytes - 41.185 ms
[11-Nov-2025 08:49:04 PM] 🟡 GET /notification 304 - - bytes - 35.318 ms
[11-Nov-2025 08:49:04 PM] 🟡 GET /coupons/featured?skip=0 304 - - bytes - 8.781 ms
[11-Nov-2025 08:49:51 PM] 🟡 GET /banners/active 304 - - bytes - 22.351 ms
[11-Nov-2025 08:49:51 PM] 🟢 OPTIONS /coupons/featured?skip=0 204 - 0 bytes - 0.165 ms
[11-Nov-2025 08:49:51 PM] 🟡 GET /getactive/services/?limit=3 304 - - bytes - 31.622 ms
[11-Nov-2025 08:49:51 PM] 🟢 OPTIONS /coupons/featured?skip=0 204 - 0 bytes - 0.113 ms
[11-Nov-2025 08:49:51 PM] 🟢 OPTIONS /profile 204 - 0 bytes - 0.117 ms
[11-Nov-2025 08:49:51 PM] 🟢 OPTIONS /notification 204 - 0 bytes - 0.107 ms
[11-Nov-2025 08:49:52 PM] 🟡 GET /coupons/featured?skip=0 304 - - bytes - 16.271 ms
[11-Nov-2025 08:49:52 PM] 🟡 GET /profile 304 - - bytes - 16.127 ms
[11-Nov-2025 08:49:52 PM] 🟡 GET /notification 304 - - bytes - 23.873 ms
[11-Nov-2025 08:49:52 PM] 🟡 GET /coupons/featured?skip=0 304 - - bytes - 16.454 ms
[11-Nov-2025 08:49:53 PM] 🟢 OPTIONS /service-providers/verify 204 - 0 bytes - 0.135 ms
[11-Nov-2025 08:49:53 PM] 🟡 GET /service-providers/verify 304 - - bytes - 11.495 ms
[11-Nov-2025 08:49:53 PM] 🟢 OPTIONS /service-providers/ 204 - 0 bytes - 0.193 ms
[11-Nov-2025 08:49:53 PM] 🟢 OPTIONS /service-providers/subscription-plans 204 - 0 bytes - 0.116 ms
[11-Nov-2025 08:49:53 PM] 🟢 OPTIONS /service-providers/get-paymentinfo 204 - 0 bytes - 0.182 ms
[11-Nov-2025 08:49:53 PM] 🟢 GET /service-providers/ 201 - 1772 bytes - 16.840 ms
[11-Nov-2025 08:49:53 PM] 🟡 GET /service-providers/subscription-plans 304 - - bytes - 18.744 ms
[11-Nov-2025 08:49:53 PM] 🟡 GET /service-providers/get-paymentinfo 304 - - bytes - 16.707 ms
[11-Nov-2025 08:49:53 PM] 🟡 GET /banners/active 304 - - bytes - 31.423 ms
[11-Nov-2025 08:49:53 PM] 🟡 GET /coupons/featured?skip=0 304 - - bytes - 41.189 ms
[11-Nov-2025 08:49:53 PM] 🟡 GET /getactive/services/?limit=3 304 - - bytes - 53.747 ms
[11-Nov-2025 08:49:53 PM] 🟡 GET /notification 304 - - bytes - 52.801 ms
[11-Nov-2025 08:49:53 PM] 🟡 GET /coupons/featured?skip=0 304 - - bytes - 14.041 ms
[11-Nov-2025 08:49:54 PM] 🟡 GET /service-providers/verify 304 - - bytes - 16.449 ms
[11-Nov-2025 08:49:54 PM] 🟢 GET /service-providers/ 201 - 1772 bytes - 39.279 ms
[11-Nov-2025 08:49:54 PM] 🟡 GET /service-providers/subscription-plans 304 - - bytes - 34.076 ms
[11-Nov-2025 08:49:54 PM] 🟡 GET /service-providers/get-paymentinfo 304 - - bytes - 34.406 ms
[11-Nov-2025 08:49:54 PM] 🟡 GET /banners/active 304 - - bytes - 33.701 ms
[11-Nov-2025 08:49:54 PM] 🟡 GET /getactive/services/?limit=3 304 - - bytes - 52.774 ms
[11-Nov-2025 08:49:54 PM] 🟡 GET /coupons/featured?skip=0 304 - - bytes - 47.741 ms
[11-Nov-2025 08:49:54 PM] 🟡 GET /notification 304 - - bytes - 38.740 ms
[11-Nov-2025 08:49:54 PM] 🟡 GET /coupons/featured?skip=0 304 - - bytes - 9.124 ms
[11-Nov-2025 08:49:55 PM] 🟡 GET /service-providers/verify 304 - - bytes - 9.697 ms
[11-Nov-2025 08:49:55 PM] 🟢 GET /service-providers/ 201 - 1772 bytes - 22.853 ms
[11-Nov-2025 08:49:55 PM] 🟡 GET /service-providers/subscription-plans 304 - - bytes - 18.178 ms
[11-Nov-2025 08:49:55 PM] 🟡 GET /service-providers/get-paymentinfo 304 - - bytes - 16.457 ms
[11-Nov-2025 08:49:55 PM] 🟡 GET /banners/active 304 - - bytes - 16.516 ms
[11-Nov-2025 08:49:55 PM] 🟡 GET /getactive/services/?limit=3 304 - - bytes - 31.551 ms
[11-Nov-2025 08:49:55 PM] 🟡 GET /notification 304 - - bytes - 27.410 ms
[11-Nov-2025 08:49:55 PM] 🟡 GET /coupons/featured?skip=0 304 - - bytes - 32.382 ms
[11-Nov-2025 08:49:55 PM] 🟡 GET /coupons/featured?skip=0 304 - - bytes - 9.178 ms
[11-Nov-2025 08:49:55 PM] 🟡 GET /service-providers/verify 304 - - bytes - 16.848 ms
[11-Nov-2025 08:49:56 PM] 🟢 GET /service-providers/ 201 - 1772 bytes - 15.791 ms
[11-Nov-2025 08:49:56 PM] 🟡 GET /service-providers/subscription-plans 304 - - bytes - 16.798 ms
[11-Nov-2025 08:49:56 PM] 🟡 GET /service-providers/get-paymentinfo 304 - - bytes - 19.594 ms
[11-Nov-2025 08:49:56 PM] 🟡 GET /banners/active 304 - - bytes - 19.701 ms
[11-Nov-2025 08:49:56 PM] 🟡 GET /getactive/services/?limit=3 304 - - bytes - 41.293 ms
[11-Nov-2025 08:49:56 PM] 🟡 GET /notification 304 - - bytes - 35.287 ms
[11-Nov-2025 08:49:56 PM] 🟡 GET /coupons/featured?skip=0 304 - - bytes - 47.690 ms
[11-Nov-2025 08:49:56 PM] 🟡 GET /coupons/featured?skip=0 304 - - bytes - 6.547 ms
[11-Nov-2025 08:50:32 PM] 🟢 OPTIONS /service-providers/verify 204 - 0 bytes - 0.151 ms
[11-Nov-2025 08:50:32 PM] 🟡 GET /service-providers/verify 304 - - bytes - 9.080 ms
[11-Nov-2025 08:50:32 PM] 🟢 OPTIONS /service-providers/ 204 - 0 bytes - 0.137 ms
[11-Nov-2025 08:50:32 PM] 🟢 OPTIONS /service-providers/subscription-plans 204 - 0 bytes - 0.118 ms
[11-Nov-2025 08:50:32 PM] 🟢 OPTIONS /service-providers/get-paymentinfo 204 - 0 bytes - 0.127 ms
[11-Nov-2025 08:50:32 PM] 🟢 GET /service-providers/ 201 - 1772 bytes - 10.733 ms
[11-Nov-2025 08:50:32 PM] 🟡 GET /service-providers/subscription-plans 304 - - bytes - 3.546 ms
[11-Nov-2025 08:50:32 PM] 🟡 GET /service-providers/get-paymentinfo 304 - - bytes - 8.879 ms
[11-Nov-2025 08:50:51 PM] 🟢 GET /banners/active 200 - 542 bytes - 15.721 ms
[11-Nov-2025 08:50:51 PM] 🔴 GET /profile 401 - 45 bytes - 0.546 ms
[11-Nov-2025 08:50:51 PM] 🟢 GET /getactive/services/?limit=3 200 - 1061 bytes - 27.100 ms
[11-Nov-2025 08:50:51 PM] 🟢 GET /coupons/featured?skip=0 200 - 167 bytes - 19.361 ms
[11-Nov-2025 08:50:51 PM] 🔴 GET /notification 401 - 45 bytes - 0.967 ms
[11-Nov-2025 08:50:51 PM] 🟡 GET /coupons/featured?skip=0 304 - - bytes - 11.758 ms
[11-Nov-2025 08:50:51 PM] 🟢 OPTIONS /refresh-token 204 - 0 bytes - 0.184 ms
[11-Nov-2025 08:50:51 PM] 🔴 POST /refresh-token 401 - 36 bytes - 0.278 ms
[11-Nov-2025 08:50:51 PM] 🔴 POST /refresh-token 401 - 36 bytes - 0.503 ms
[11-Nov-2025 08:50:54 PM] 🟢 OPTIONS /signin/email 204 - 0 bytes - 0.093 ms
[11-Nov-2025 08:50:54 PM] 🟢 POST /signin/email 200 - 194 bytes - 88.526 ms
[11-Nov-2025 08:50:54 PM] 🟢 OPTIONS /coupons/featured?skip=0 204 - 0 bytes - 0.129 ms
[11-Nov-2025 08:50:54 PM] 🟢 OPTIONS /coupons/featured?skip=0 204 - 0 bytes - 0.159 ms
[11-Nov-2025 08:50:54 PM] 🟢 OPTIONS /profile 204 - 0 bytes - 0.073 ms
[11-Nov-2025 08:50:54 PM] 🟢 OPTIONS /notification 204 - 0 bytes - 0.124 ms
[11-Nov-2025 08:50:54 PM] 🟡 GET /banners/active 304 - - bytes - 14.633 ms
[11-Nov-2025 08:50:54 PM] 🟡 GET /getactive/services/?limit=3 304 - - bytes - 51.036 ms
[11-Nov-2025 08:50:54 PM] 🟡 GET /coupons/featured?skip=0 304 - - bytes - 26.549 ms
[11-Nov-2025 08:50:54 PM] 🟢 GET /profile 200 - 134 bytes - 29.408 ms
[11-Nov-2025 08:50:54 PM] 🟢 GET /notification 200 - 45 bytes - 29.714 ms
[11-Nov-2025 08:50:54 PM] 🟡 GET /coupons/featured?skip=0 304 - - bytes - 37.885 ms
[11-Nov-2025 08:51:05 PM] 🟢 OPTIONS /service-providers/ 204 - 0 bytes - 0.151 ms
[11-Nov-2025 08:51:05 PM] 🟢 OPTIONS /service-providers/subscription-plans 204 - 0 bytes - 0.144 ms
[11-Nov-2025 08:51:05 PM] 🟢 OPTIONS /service-providers/get-paymentinfo 204 - 0 bytes - 0.128 ms
[11-Nov-2025 08:51:05 PM] 💥 GET /service-providers/ 500 - 36 bytes - 14.749 ms
[11-Nov-2025 08:51:05 PM] 🟢 GET /service-providers/subscription-plans 200 - 400 bytes - 12.204 ms
[11-Nov-2025 08:51:05 PM] 🔴 GET /service-providers/get-paymentinfo 400 - 61 bytes - 1.618 ms
[11-Nov-2025 08:51:09 PM] 🔴 GET /service-providers/get-paymentinfo 400 - 61 bytes - 0.903 ms
[11-Nov-2025 08:51:09 PM] 💥 GET /service-providers/ 500 - 36 bytes - 12.452 ms
[11-Nov-2025 08:51:09 PM] 🟡 GET /service-providers/subscription-plans 304 - - bytes - 12.580 ms
[11-Nov-2025 08:51:18 PM] 🟢 OPTIONS /service-providers/ 204 - 0 bytes - 0.088 ms
[11-Nov-2025 08:51:18 PM] 🟢 OPTIONS /service-providers/subscription-plans 204 - 0 bytes - 0.111 ms
[11-Nov-2025 08:51:18 PM] 🟢 OPTIONS /service-providers/get-paymentinfo 204 - 0 bytes - 0.102 ms
[11-Nov-2025 08:51:18 PM] 🔴 GET /service-providers/get-paymentinfo 400 - 61 bytes - 1.880 ms
[11-Nov-2025 08:51:18 PM] 💥 GET /service-providers/ 500 - 36 bytes - 15.660 ms
[11-Nov-2025 08:51:18 PM] 🟡 GET /service-providers/subscription-plans 304 - - bytes - 15.101 ms
[11-Nov-2025 08:51:19 PM] 🟢 OPTIONS /coupons/featured?skip=0 204 - 0 bytes - 0.136 ms
[11-Nov-2025 08:51:19 PM] 🟢 OPTIONS /coupons/featured?skip=0 204 - 0 bytes - 0.093 ms
[11-Nov-2025 08:51:19 PM] 🟢 OPTIONS /profile 204 - 0 bytes - 0.153 ms
[11-Nov-2025 08:51:19 PM] 🟢 OPTIONS /notification 204 - 0 bytes - 0.276 ms
[11-Nov-2025 08:51:32 PM] 🟢 OPTIONS /service-providers/ 204 - 0 bytes - 0.098 ms
[11-Nov-2025 08:51:32 PM] 🟢 OPTIONS /service-providers/subscription-plans 204 - 0 bytes - 0.228 ms
[11-Nov-2025 08:51:32 PM] 🟢 OPTIONS /service-providers/get-paymentinfo 204 - 0 bytes - 0.098 ms
[11-Nov-2025 08:51:32 PM] 🔴 GET /service-providers/get-paymentinfo 400 - 61 bytes - 3.176 ms
[11-Nov-2025 08:51:32 PM] 💥 GET /service-providers/ 500 - 36 bytes - 17.311 ms
[11-Nov-2025 08:51:32 PM] 🟡 GET /service-providers/subscription-plans 304 - - bytes - 17.218 ms
[11-Nov-2025 08:51:36 PM] 🟡 GET /banners/active 304 - - bytes - 8.439 ms
[11-Nov-2025 08:51:36 PM] 🟢 OPTIONS /coupons/featured?skip=0 204 - 0 bytes - 0.118 ms
[11-Nov-2025 08:51:36 PM] 🟢 OPTIONS /coupons/featured?skip=0 204 - 0 bytes - 0.177 ms
[11-Nov-2025 08:51:36 PM] 🟡 GET /getactive/services/?limit=3 304 - - bytes - 24.518 ms
[11-Nov-2025 08:51:36 PM] 🟢 OPTIONS /profile 204 - 0 bytes - 0.128 ms
[11-Nov-2025 08:51:36 PM] 🟡 GET /coupons/featured?skip=0 304 - - bytes - 9.014 ms
[11-Nov-2025 08:51:36 PM] 🟢 OPTIONS /notification 204 - 0 bytes - 0.102 ms
[11-Nov-2025 08:51:36 PM] 🟡 GET /coupons/featured?skip=0 304 - - bytes - 14.600 ms
[11-Nov-2025 08:51:36 PM] 🟡 GET /profile 304 - - bytes - 19.561 ms
[11-Nov-2025 08:51:36 PM] 🟡 GET /notification 304 - - bytes - 14.556 ms
[11-Nov-2025 08:51:38 PM] 🟢 OPTIONS /service-providers/ 204 - 0 bytes - 0.444 ms
[11-Nov-2025 08:51:38 PM] 🟢 OPTIONS /service-providers/subscription-plans 204 - 0 bytes - 0.229 ms
[11-Nov-2025 08:51:38 PM] 🟢 OPTIONS /service-providers/get-paymentinfo 204 - 0 bytes - 0.471 ms
[11-Nov-2025 08:51:38 PM] 🔴 GET /service-providers/get-paymentinfo 400 - 61 bytes - 7.113 ms
[11-Nov-2025 08:51:38 PM] 💥 GET /service-providers/ 500 - 36 bytes - 27.791 ms
[11-Nov-2025 08:51:38 PM] 🟡 GET /service-providers/subscription-plans 304 - - bytes - 17.629 ms
[11-Nov-2025 08:52:20 PM] 🟢 OPTIONS /coupons/featured?skip=0 204 - 0 bytes - 0.142 ms
[11-Nov-2025 08:52:20 PM] 🟡 GET /banners/active 304 - - bytes - 19.996 ms
[11-Nov-2025 08:52:20 PM] 🟢 OPTIONS /coupons/featured?skip=0 204 - 0 bytes - 0.112 ms
[11-Nov-2025 08:52:20 PM] 🟡 GET /getactive/services/?limit=3 304 - - bytes - 28.084 ms
[11-Nov-2025 08:52:20 PM] 🟢 OPTIONS /notification 204 - 0 bytes - 0.124 ms
[11-Nov-2025 08:52:20 PM] 🟡 GET /coupons/featured?skip=0 304 - - bytes - 11.512 ms
[11-Nov-2025 08:52:20 PM] 🟡 GET /notification 304 - - bytes - 10.339 ms
[11-Nov-2025 08:52:20 PM] 🟡 GET /coupons/featured?skip=0 304 - - bytes - 10.570 ms
[11-Nov-2025 08:56:38 PM] 🟢 OPTIONS /admin/signin 204 - 0 bytes - 0.244 ms
[11-Nov-2025 08:56:38 PM] 🟢 POST /admin/signin 200 - 443 bytes - 92.101 ms
[11-Nov-2025 08:56:38 PM] 🟢 OPTIONS /admin/profile 204 - 0 bytes - 0.176 ms
[11-Nov-2025 08:56:38 PM] 🟢 OPTIONS /admin/dashboard/payment-info 204 - 0 bytes - 0.080 ms
[11-Nov-2025 08:56:38 PM] 🟡 GET /admin/profile 304 - - bytes - 8.438 ms
[11-Nov-2025 08:56:38 PM] 🟢 GET /admin/dashboard/payment-info 200 - 73 bytes - 9.289 ms
[11-Nov-2025 08:56:42 PM] 🟢 OPTIONS /admin/users?page=0&limit=8 204 - 0 bytes - 0.079 ms
[11-Nov-2025 08:56:42 PM] 🟢 OPTIONS /admin/users?page=0&limit=8 204 - 0 bytes - 0.082 ms
[11-Nov-2025 08:56:42 PM] 🟢 GET /admin/users?page=0&limit=8 200 - 455 bytes - 13.502 ms
[11-Nov-2025 08:56:42 PM] 🟡 GET /admin/users?page=0&limit=8 304 - - bytes - 9.490 ms
[11-Nov-2025 08:56:49 PM] 🟢 OPTIONS /admin/serviceProvider?page=0&limit=3 204 - 0 bytes - 0.119 ms
[11-Nov-2025 08:56:49 PM] 🟢 OPTIONS /admin/serviceProvider?page=0&limit=3 204 - 0 bytes - 0.079 ms
[11-Nov-2025 08:56:49 PM] 🟡 GET /admin/serviceProvider?page=0&limit=3 304 - - bytes - 14.396 ms
[11-Nov-2025 08:56:49 PM] 🟡 GET /admin/serviceProvider?page=0&limit=3 304 - - bytes - 6.357 ms
[11-Nov-2025 08:56:49 PM] 🟢 OPTIONS /admin/serviceProvider?verification=true 204 - 0 bytes - 0.133 ms
[11-Nov-2025 08:56:49 PM] 🟡 GET /admin/serviceProvider?verification=true 304 - - bytes - 7.638 ms
[11-Nov-2025 08:56:50 PM] 🟢 OPTIONS /admin/users?page=0&limit=8 204 - 0 bytes - 0.148 ms
[11-Nov-2025 08:56:50 PM] 🟢 OPTIONS /admin/users?page=0&limit=8 204 - 0 bytes - 0.134 ms
[11-Nov-2025 08:56:50 PM] 🟡 GET /admin/users?page=0&limit=8 304 - - bytes - 6.905 ms
[11-Nov-2025 08:56:50 PM] 🟡 GET /admin/users?page=0&limit=8 304 - - bytes - 6.564 ms
[11-Nov-2025 08:56:51 PM] 🟢 OPTIONS /admin/service?page=0&limit=6 204 - 0 bytes - 0.070 ms
[11-Nov-2025 08:56:51 PM] 🟢 OPTIONS /admin/service?page=0&limit=6 204 - 0 bytes - 0.091 ms
[11-Nov-2025 08:56:51 PM] 🟢 GET /admin/service?page=0&limit=6 200 - 2526 bytes - 8.682 ms
[11-Nov-2025 08:56:51 PM] 🟡 GET /admin/service?page=0&limit=6 304 - - bytes - 6.409 ms
[11-Nov-2025 08:56:52 PM] 🟢 OPTIONS /payment/admin/?page=0&limit=6&statusType=serviceStatus 204 - 0 bytes - 0.074 ms
[11-Nov-2025 08:56:52 PM] 🟢 GET /payment/admin/?page=0&limit=6&statusType=serviceStatus 200 - 1302 bytes - 7.955 ms
[11-Nov-2025 08:56:53 PM] 🟡 GET /admin/service?page=0&limit=6 304 - - bytes - 5.537 ms
[11-Nov-2025 08:56:53 PM] 🟡 GET /admin/service?page=0&limit=6 304 - - bytes - 9.565 ms
[11-Nov-2025 08:56:54 PM] 🟢 OPTIONS /admin/serviceProvider?page=0&limit=3 204 - 0 bytes - 0.086 ms
[11-Nov-2025 08:56:54 PM] 🟢 OPTIONS /admin/serviceProvider?page=0&limit=3 204 - 0 bytes - 0.145 ms
[11-Nov-2025 08:56:54 PM] 🟡 GET /admin/serviceProvider?page=0&limit=3 304 - - bytes - 5.720 ms
[11-Nov-2025 08:56:54 PM] 🟡 GET /admin/serviceProvider?page=0&limit=3 304 - - bytes - 8.670 ms
[11-Nov-2025 08:56:55 PM] 🟢 OPTIONS /admin/users?page=0&limit=8 204 - 0 bytes - 0.089 ms
[11-Nov-2025 08:56:55 PM] 🟢 OPTIONS /admin/users?page=0&limit=8 204 - 0 bytes - 0.128 ms
[11-Nov-2025 08:56:55 PM] 🟡 GET /admin/users?page=0&limit=8 304 - - bytes - 6.585 ms
[11-Nov-2025 08:56:55 PM] 🟡 GET /admin/users?page=0&limit=8 304 - - bytes - 9.532 ms
[11-Nov-2025 08:56:55 PM] 🟢 OPTIONS /admin/dashboard/payment-info 204 - 0 bytes - 0.159 ms
[11-Nov-2025 08:56:55 PM] 🟡 GET /admin/dashboard/payment-info 304 - - bytes - 8.553 ms
[11-Nov-2025 08:58:29 PM] 🟢 OPTIONS /service-providers/ 204 - 0 bytes - 0.152 ms
[11-Nov-2025 08:58:29 PM] 🟢 OPTIONS /service-providers/subscription-plans 204 - 0 bytes - 0.145 ms
[11-Nov-2025 08:58:29 PM] 🟢 OPTIONS /service-providers/get-paymentinfo 204 - 0 bytes - 0.102 ms
[11-Nov-2025 08:58:29 PM] 🟢 GET /service-providers/ 201 - 1772 bytes - 7.446 ms
[11-Nov-2025 08:58:29 PM] 🟡 GET /service-providers/get-paymentinfo 304 - - bytes - 12.919 ms
[11-Nov-2025 08:58:29 PM] 🟡 GET /service-providers/subscription-plans 304 - - bytes - 5.600 ms
[11-Nov-2025 08:58:29 PM] 🟢 OPTIONS /service-providers/ 204 - 0 bytes - 0.103 ms
[11-Nov-2025 08:58:29 PM] 🟢 OPTIONS /service-providers/subscription-plans 204 - 0 bytes - 0.109 ms
[11-Nov-2025 08:58:29 PM] 🟢 OPTIONS /service-providers/get-paymentinfo 204 - 0 bytes - 0.110 ms
[11-Nov-2025 08:58:29 PM] 💥 GET /service-providers/ 500 - 36 bytes - 7.288 ms
[11-Nov-2025 08:58:29 PM] 🔴 GET /service-providers/get-paymentinfo 400 - 61 bytes - 1.829 ms
[11-Nov-2025 08:58:29 PM] 🟡 GET /service-providers/subscription-plans 304 - - bytes - 12.519 ms
[11-Nov-2025 08:58:29 PM] 🟢 OPTIONS /coupons/featured?skip=0 204 - 0 bytes - 0.069 ms
[11-Nov-2025 08:58:29 PM] 🟢 OPTIONS /coupons/featured?skip=0 204 - 0 bytes - 0.093 ms
[11-Nov-2025 08:58:29 PM] 🟡 GET /getactive/services/?limit=3 304 - - bytes - 16.034 ms
[11-Nov-2025 08:58:29 PM] 🟢 OPTIONS /profile 204 - 0 bytes - 0.103 ms
[11-Nov-2025 08:58:29 PM] 🟢 OPTIONS /notification 204 - 0 bytes - 0.110 ms
[11-Nov-2025 08:58:29 PM] 🟡 GET /coupons/featured?skip=0 304 - - bytes - 31.202 ms
[11-Nov-2025 08:58:29 PM] 🟡 GET /banners/active 304 - - bytes - 20.472 ms
[11-Nov-2025 08:58:29 PM] 🟡 GET /profile 304 - - bytes - 35.389 ms
[11-Nov-2025 08:58:29 PM] 🟡 GET /notification 304 - - bytes - 30.047 ms
[11-Nov-2025 08:58:29 PM] 🟡 GET /coupons/featured?skip=0 304 - - bytes - 9.348 ms
[11-Nov-2025 08:58:42 PM] 🟢 OPTIONS /service-providers/ 204 - 0 bytes - 0.107 ms
[11-Nov-2025 08:58:42 PM] 🟢 OPTIONS /service-providers/subscription-plans 204 - 0 bytes - 0.143 ms
[11-Nov-2025 08:58:42 PM] 🟢 OPTIONS /service-providers/get-paymentinfo 204 - 0 bytes - 0.132 ms
[11-Nov-2025 08:58:42 PM] 🔴 GET /service-providers/get-paymentinfo 400 - 61 bytes - 1.351 ms
[11-Nov-2025 08:58:42 PM] 💥 GET /service-providers/ 500 - 36 bytes - 10.817 ms
[11-Nov-2025 08:58:42 PM] 🟡 GET /service-providers/subscription-plans 304 - - bytes - 9.105 ms
[11-Nov-2025 08:58:42 PM] 🟢 OPTIONS /coupons/featured?skip=0 204 - 0 bytes - 0.107 ms
[11-Nov-2025 08:58:42 PM] 🟡 GET /banners/active 304 - - bytes - 19.769 ms
[11-Nov-2025 08:58:42 PM] 🟢 OPTIONS /coupons/featured?skip=0 204 - 0 bytes - 0.090 ms
[11-Nov-2025 08:58:42 PM] 🟡 GET /getactive/services/?limit=3 304 - - bytes - 28.525 ms
[11-Nov-2025 08:58:42 PM] 🟢 OPTIONS /profile 204 - 0 bytes - 0.105 ms
[11-Nov-2025 08:58:42 PM] 🟡 GET /coupons/featured?skip=0 304 - - bytes - 10.007 ms
[11-Nov-2025 08:58:42 PM] 🟢 OPTIONS /notification 204 - 0 bytes - 0.087 ms
[11-Nov-2025 08:58:42 PM] 🟡 GET /profile 304 - - bytes - 21.713 ms
[11-Nov-2025 08:58:42 PM] 🟡 GET /coupons/featured?skip=0 304 - - bytes - 17.981 ms
[11-Nov-2025 08:58:42 PM] 🟡 GET /notification 304 - - bytes - 15.752 ms
[11-Nov-2025 08:58:46 PM] 💥 GET /service-providers/ 500 - 36 bytes - 5.367 ms
[11-Nov-2025 08:58:46 PM] 🔴 GET /service-providers/get-paymentinfo 400 - 61 bytes - 2.588 ms
[11-Nov-2025 08:58:46 PM] 🟡 GET /service-providers/subscription-plans 304 - - bytes - 10.090 ms
[11-Nov-2025 08:58:46 PM] 🟡 GET /banners/active 304 - - bytes - 19.727 ms
[11-Nov-2025 08:58:46 PM] 🟡 GET /getactive/services/?limit=3 304 - - bytes - 36.928 ms
[11-Nov-2025 08:58:46 PM] 🟡 GET /profile 304 - - bytes - 23.479 ms
[11-Nov-2025 08:58:46 PM] 🟡 GET /coupons/featured?skip=0 304 - - bytes - 30.009 ms
[11-Nov-2025 08:58:46 PM] 🟡 GET /notification 304 - - bytes - 23.094 ms
[11-Nov-2025 08:58:46 PM] 🟡 GET /coupons/featured?skip=0 304 - - bytes - 9.855 ms
[11-Nov-2025 08:58:53 PM] 🟢 OPTIONS /service-providers/ 204 - 0 bytes - 0.072 ms
[11-Nov-2025 08:58:53 PM] 🟢 OPTIONS /service-providers/subscription-plans 204 - 0 bytes - 0.095 ms
[11-Nov-2025 08:58:53 PM] 🟢 OPTIONS /service-providers/get-paymentinfo 204 - 0 bytes - 0.093 ms
[11-Nov-2025 08:58:53 PM] 🔴 GET /service-providers/get-paymentinfo 400 - 61 bytes - 7.902 ms
[11-Nov-2025 08:58:53 PM] 💥 GET /service-providers/ 500 - 36 bytes - 20.794 ms
[11-Nov-2025 08:58:53 PM] 🟡 GET /service-providers/subscription-plans 304 - - bytes - 23.523 ms
[11-Nov-2025 08:58:53 PM] 🟡 GET /banners/active 304 - - bytes - 24.775 ms
[11-Nov-2025 08:58:53 PM] 🟢 OPTIONS /coupons/featured?skip=0 204 - 0 bytes - 0.092 ms
[11-Nov-2025 08:58:53 PM] 🟢 OPTIONS /coupons/featured?skip=0 204 - 0 bytes - 0.420 ms
[11-Nov-2025 08:58:53 PM] 🟡 GET /getactive/services/?limit=3 304 - - bytes - 38.918 ms
[11-Nov-2025 08:58:53 PM] 🟢 OPTIONS /profile 204 - 0 bytes - 0.104 ms
[11-Nov-2025 08:58:53 PM] 🟢 OPTIONS /notification 204 - 0 bytes - 0.082 ms
[11-Nov-2025 08:58:53 PM] 🟡 GET /profile 304 - - bytes - 23.958 ms
[11-Nov-2025 08:58:53 PM] 🟡 GET /notification 304 - - bytes - 17.323 ms
[11-Nov-2025 08:58:53 PM] 🟡 GET /coupons/featured?skip=0 304 - - bytes - 31.084 ms
[11-Nov-2025 08:58:53 PM] 🟡 GET /coupons/featured?skip=0 304 - - bytes - 7.277 ms
[11-Nov-2025 09:06:57 PM] 🟢 OPTIONS /service-providers/ 204 - 0 bytes - 0.092 ms
[11-Nov-2025 09:06:57 PM] 🟢 OPTIONS /service-providers/subscription-plans 204 - 0 bytes - 0.111 ms
[11-Nov-2025 09:06:57 PM] 🟢 OPTIONS /profile 204 - 0 bytes - 0.076 ms
[11-Nov-2025 09:06:57 PM] 🔴 GET /service-providers/ 401 - 52 bytes - 5.280 ms
[11-Nov-2025 09:06:57 PM] 🔴 GET /profile 401 - 52 bytes - 5.796 ms
[11-Nov-2025 09:06:57 PM] 🟡 GET /service-providers/subscription-plans 304 - - bytes - 17.913 ms
[11-Nov-2025 09:06:57 PM] 🟢 OPTIONS /refresh-token 204 - 0 bytes - 0.108 ms
[11-Nov-2025 09:06:57 PM] 🟢 POST /refresh-token 200 - 194 bytes - 19.313 ms
[11-Nov-2025 09:06:57 PM] 🟢 POST /refresh-token 200 - 194 bytes - 11.092 ms
[11-Nov-2025 09:06:57 PM] 🟢 OPTIONS /coupons/featured?skip=0 204 - 0 bytes - 0.108 ms
[11-Nov-2025 09:06:57 PM] 🟢 OPTIONS /coupons/featured?skip=0 204 - 0 bytes - 0.079 ms
[11-Nov-2025 09:06:57 PM] 🟢 OPTIONS /notification 204 - 0 bytes - 0.107 ms
[11-Nov-2025 09:06:57 PM] 💥 GET /service-providers/ 500 - 36 bytes - 37.564 ms
[11-Nov-2025 09:06:57 PM] 🟡 GET /banners/active 304 - - bytes - 34.049 ms
[11-Nov-2025 09:06:57 PM] 🟡 GET /getactive/services/?limit=3 304 - - bytes - 67.366 ms
[11-Nov-2025 09:06:57 PM] 🟡 GET /profile 304 - - bytes - 46.248 ms
[11-Nov-2025 09:06:57 PM] 🟡 GET /coupons/featured?skip=0 304 - - bytes - 45.240 ms
[11-Nov-2025 09:06:57 PM] 🔴 GET /notification 401 - 52 bytes - 5.916 ms
[11-Nov-2025 09:06:57 PM] 🟡 GET /coupons/featured?skip=0 304 - - bytes - 8.081 ms
[11-Nov-2025 09:06:57 PM] 🟢 POST /refresh-token 200 - 194 bytes - 8.022 ms
[11-Nov-2025 09:06:57 PM] 🟡 GET /notification 304 - - bytes - 14.025 ms
[11-Nov-2025 09:06:58 PM] 💥 GET /service-providers/ 500 - 36 bytes - 14.263 ms
[11-Nov-2025 09:06:58 PM] 🟡 GET /service-providers/subscription-plans 304 - - bytes - 14.834 ms
[11-Nov-2025 09:06:58 PM] 🟡 GET /profile 304 - - bytes - 29.660 ms
[11-Nov-2025 09:06:58 PM] 🟡 GET /banners/active 304 - - bytes - 11.359 ms
[11-Nov-2025 09:06:58 PM] 🟡 GET /getactive/services/?limit=3 304 - - bytes - 28.568 ms
[11-Nov-2025 09:06:58 PM] 🟡 GET /coupons/featured?skip=0 304 - - bytes - 23.449 ms
[11-Nov-2025 09:06:58 PM] 🟡 GET /notification 304 - - bytes - 38.380 ms
[11-Nov-2025 09:06:58 PM] 🟡 GET /coupons/featured?skip=0 304 - - bytes - 20.984 ms
[11-Nov-2025 09:06:59 PM] 💥 GET /service-providers/ 500 - 36 bytes - 18.553 ms
[11-Nov-2025 09:06:59 PM] 🟡 GET /service-providers/subscription-plans 304 - - bytes - 15.965 ms
[11-Nov-2025 09:06:59 PM] 🟡 GET /profile 304 - - bytes - 25.490 ms
[11-Nov-2025 09:06:59 PM] 🟡 GET /banners/active 304 - - bytes - 20.556 ms
[11-Nov-2025 09:06:59 PM] 🟡 GET /coupons/featured?skip=0 304 - - bytes - 34.618 ms
[11-Nov-2025 09:06:59 PM] 🟡 GET /notification 304 - - bytes - 36.888 ms
[11-Nov-2025 09:06:59 PM] 🟡 GET /getactive/services/?limit=3 304 - - bytes - 56.375 ms
[11-Nov-2025 09:06:59 PM] 🟡 GET /coupons/featured?skip=0 304 - - bytes - 12.022 ms
[11-Nov-2025 09:07:00 PM] 💥 GET /service-providers/ 500 - 36 bytes - 13.130 ms
[11-Nov-2025 09:07:00 PM] 🟡 GET /service-providers/subscription-plans 304 - - bytes - 17.072 ms
[11-Nov-2025 09:07:00 PM] 🟡 GET /profile 304 - - bytes - 26.925 ms
[11-Nov-2025 09:07:00 PM] 🟡 GET /banners/active 304 - - bytes - 26.918 ms
[11-Nov-2025 09:07:00 PM] 🟡 GET /getactive/services/?limit=3 304 - - bytes - 34.290 ms
[11-Nov-2025 09:07:00 PM] 🟡 GET /coupons/featured?skip=0 304 - - bytes - 33.674 ms
[11-Nov-2025 09:07:00 PM] 🟡 GET /notification 304 - - bytes - 43.332 ms
[11-Nov-2025 09:07:00 PM] 🟡 GET /coupons/featured?skip=0 304 - - bytes - 10.625 ms
[11-Nov-2025 09:11:03 PM] 🟢 OPTIONS /admin/profile 204 - 0 bytes - 0.122 ms
[11-Nov-2025 09:11:03 PM] 🟢 OPTIONS /admin/dashboard/payment-info 204 - 0 bytes - 0.428 ms
[11-Nov-2025 09:11:03 PM] 🟡 GET /admin/profile 304 - - bytes - 6.924 ms
[11-Nov-2025 09:11:03 PM] 🟡 GET /admin/dashboard/payment-info 304 - - bytes - 5.110 ms
[11-Nov-2025 09:13:42 PM] 🟢 OPTIONS /admin/profile 204 - 0 bytes - 0.082 ms
[11-Nov-2025 09:13:42 PM] 🟢 OPTIONS /admin/dashboard/payment-info 204 - 0 bytes - 0.073 ms
[11-Nov-2025 09:13:42 PM] 🔴 GET /admin/profile 401 - 52 bytes - 1.141 ms
[11-Nov-2025 09:13:42 PM] 🔴 GET /admin/dashboard/payment-info 401 - 52 bytes - 1.422 ms
[11-Nov-2025 09:13:42 PM] 🟢 OPTIONS /admin-refresh-token 204 - 0 bytes - 0.116 ms
[11-Nov-2025 09:13:42 PM] 🟢 OPTIONS /admin-refresh-token 204 - 0 bytes - 0.103 ms
[11-Nov-2025 09:13:42 PM] 🟢 POST /admin-refresh-token 200 - 194 bytes - 8.433 ms
[11-Nov-2025 09:13:42 PM] 🟢 POST /admin-refresh-token 200 - 194 bytes - 7.992 ms
[11-Nov-2025 09:13:42 PM] 🟡 GET /admin/dashboard/payment-info 304 - - bytes - 4.617 ms
[11-Nov-2025 09:13:42 PM] 🟡 GET /admin/profile 304 - - bytes - 5.995 ms
[11-Nov-2025 09:14:46 PM] 🟢 OPTIONS /admin/profile 204 - 0 bytes - 0.070 ms
[11-Nov-2025 09:14:46 PM] 🟢 OPTIONS /admin/profile 204 - 0 bytes - 0.146 ms
[11-Nov-2025 09:14:46 PM] 🟢 OPTIONS /admin/dashboard/payment-info 204 - 0 bytes - 0.073 ms
[11-Nov-2025 09:14:46 PM] 🟡 GET /admin/profile 304 - - bytes - 4.886 ms
[11-Nov-2025 09:14:46 PM] 🟡 GET /admin/dashboard/payment-info 304 - - bytes - 6.793 ms
[11-Nov-2025 09:14:46 PM] 🟡 GET /admin/profile 304 - - bytes - 7.832 ms
[11-Nov-2025 09:15:03 PM] 🟢 OPTIONS /admin/profile 204 - 0 bytes - 0.073 ms
[11-Nov-2025 09:15:03 PM] 🟢 OPTIONS /admin/dashboard/payment-info 204 - 0 bytes - 0.107 ms
[11-Nov-2025 09:15:03 PM] 🟡 GET /admin/profile 304 - - bytes - 4.814 ms
[11-Nov-2025 09:15:03 PM] 🟡 GET /admin/dashboard/payment-info 304 - - bytes - 5.372 ms
[11-Nov-2025 09:15:17 PM] 🟢 OPTIONS /admin/users?page=0&limit=8 204 - 0 bytes - 0.085 ms
[11-Nov-2025 09:15:17 PM] 🟢 OPTIONS /admin/users?page=0&limit=8 204 - 0 bytes - 0.092 ms
[11-Nov-2025 09:15:17 PM] 🟡 GET /admin/users?page=0&limit=8 304 - - bytes - 7.758 ms
[11-Nov-2025 09:15:17 PM] 🟡 GET /admin/users?page=0&limit=8 304 - - bytes - 8.118 ms
[11-Nov-2025 09:15:18 PM] 🟢 OPTIONS /admin/serviceProvider?page=0&limit=3 204 - 0 bytes - 0.079 ms
[11-Nov-2025 09:15:18 PM] 🟢 OPTIONS /admin/serviceProvider?page=0&limit=3 204 - 0 bytes - 0.095 ms
[11-Nov-2025 09:15:18 PM] 🟡 GET /admin/serviceProvider?page=0&limit=3 304 - - bytes - 10.486 ms
[11-Nov-2025 09:15:18 PM] 🟡 GET /admin/serviceProvider?page=0&limit=3 304 - - bytes - 11.421 ms
[11-Nov-2025 09:15:22 PM] 🟢 OPTIONS /admin/profile 204 - 0 bytes - 0.099 ms
[11-Nov-2025 09:15:22 PM] 🟢 OPTIONS /admin/dashboard/payment-info 204 - 0 bytes - 0.086 ms
[11-Nov-2025 09:15:22 PM] 🟡 GET /admin/profile 304 - - bytes - 6.489 ms
[11-Nov-2025 09:15:22 PM] 🟡 GET /admin/dashboard/payment-info 304 - - bytes - 4.648 ms
[11-Nov-2025 09:16:06 PM] 🟢 OPTIONS /admin/users?page=0&limit=8 204 - 0 bytes - 0.101 ms
[11-Nov-2025 09:16:06 PM] 🟢 OPTIONS /admin/users?page=0&limit=8 204 - 0 bytes - 0.117 ms
[11-Nov-2025 09:16:06 PM] 🟡 GET /admin/users?page=0&limit=8 304 - - bytes - 6.733 ms
[11-Nov-2025 09:16:06 PM] 🟡 GET /admin/users?page=0&limit=8 304 - - bytes - 7.801 ms
[11-Nov-2025 09:16:07 PM] 🟢 OPTIONS /admin/serviceProvider?verification=true 204 - 0 bytes - 0.159 ms
[11-Nov-2025 09:16:07 PM] 🟡 GET /admin/serviceProvider?verification=true 304 - - bytes - 7.252 ms
[11-Nov-2025 09:16:07 PM] 🟢 OPTIONS /admin/serviceProvider?page=0&limit=3 204 - 0 bytes - 0.165 ms
[11-Nov-2025 09:16:07 PM] 🟢 OPTIONS /admin/serviceProvider?page=0&limit=3 204 - 0 bytes - 0.242 ms
[11-Nov-2025 09:16:07 PM] 🟡 GET /admin/serviceProvider?page=0&limit=3 304 - - bytes - 25.323 ms
[11-Nov-2025 09:16:07 PM] 🟡 GET /admin/serviceProvider?page=0&limit=3 304 - - bytes - 13.879 ms
[11-Nov-2025 09:16:08 PM] 🟢 OPTIONS /admin/service?page=0&limit=6 204 - 0 bytes - 0.114 ms
[11-Nov-2025 09:16:08 PM] 🟢 OPTIONS /admin/service?page=0&limit=6 204 - 0 bytes - 0.106 ms
[11-Nov-2025 09:16:08 PM] 🟡 GET /admin/service?page=0&limit=6 304 - - bytes - 7.849 ms
[11-Nov-2025 09:16:08 PM] 🟡 GET /admin/service?page=0&limit=6 304 - - bytes - 5.669 ms
[11-Nov-2025 09:16:09 PM] 🟢 OPTIONS /payment/admin/?page=0&limit=6&statusType=serviceStatus 204 - 0 bytes - 0.083 ms
[11-Nov-2025 09:16:09 PM] 🟡 GET /payment/admin/?page=0&limit=6&statusType=serviceStatus 304 - - bytes - 6.488 ms
[11-Nov-2025 09:16:09 PM] 🟢 OPTIONS /admin/category 204 - 0 bytes - 0.094 ms
[11-Nov-2025 09:16:09 PM] 🟡 GET /admin/category 304 - - bytes - 6.512 ms
[11-Nov-2025 09:16:11 PM] 🟢 OPTIONS /admin/site-settings 204 - 0 bytes - 0.105 ms
[11-Nov-2025 09:16:11 PM] 🟡 GET /admin/site-settings 304 - - bytes - 15.818 ms
[11-Nov-2025 09:16:11 PM] 🟢 OPTIONS /admin/wallets/?page=0&limit=6 204 - 0 bytes - 0.071 ms
[11-Nov-2025 09:16:11 PM] 🟢 GET /admin/wallets/?page=0&limit=6 200 - 710 bytes - 6.465 ms
[11-Nov-2025 09:16:12 PM] 🟢 OPTIONS /admin/logs 204 - 0 bytes - 0.197 ms
[11-Nov-2025 09:16:12 PM] 🟢 GET /admin/logs 200 - 132649 bytes - 4.496 ms
[11-Nov-2025 09:16:13 PM] 🟢 OPTIONS /admin/dashboard/payment-info 204 - 0 bytes - 0.069 ms
[11-Nov-2025 09:16:13 PM] 🟡 GET /admin/dashboard/payment-info 304 - - bytes - 2.931 ms
[11-Nov-2025 09:16:15 PM] 🟡 GET /admin/wallets/?page=0&limit=6 304 - - bytes - 3.304 ms
[11-Nov-2025 09:16:19 PM] 🟢 OPTIONS /admin/wallets/69130573b3de8fef3ba4a921 204 - 0 bytes - 0.106 ms
[11-Nov-2025 09:16:19 PM] 🟢 GET /admin/wallets/69130573b3de8fef3ba4a921 200 - 1491 bytes - 6.419 ms
[11-Nov-2025 09:16:38 PM] 🟢 OPTIONS /admin/profile 204 - 0 bytes - 0.118 ms
[11-Nov-2025 09:16:38 PM] 🟢 OPTIONS /admin/wallets/69130573b3de8fef3ba4a921 204 - 0 bytes - 0.207 ms
[11-Nov-2025 09:16:38 PM] 🟡 GET /admin/profile 304 - - bytes - 11.795 ms
[11-Nov-2025 09:16:38 PM] 🟡 GET /admin/wallets/69130573b3de8fef3ba4a921 304 - - bytes - 11.268 ms
[11-Nov-2025 09:16:38 PM] 🟡 GET /banners/active 304 - - bytes - 41.882 ms
[11-Nov-2025 09:16:38 PM] 🟢 OPTIONS /coupons/featured?skip=0 204 - 0 bytes - 0.130 ms
[11-Nov-2025 09:16:38 PM] 🟡 GET /getactive/services/?limit=3 304 - - bytes - 67.111 ms
[11-Nov-2025 09:16:38 PM] 🟢 OPTIONS /coupons/featured?skip=0 204 - 0 bytes - 0.366 ms
[11-Nov-2025 09:16:38 PM] 🟢 OPTIONS /profile 204 - 0 bytes - 0.111 ms
[11-Nov-2025 09:16:38 PM] 🟢 OPTIONS /notification 204 - 0 bytes - 0.192 ms
[11-Nov-2025 09:16:38 PM] 🟡 GET /coupons/featured?skip=0 304 - - bytes - 10.964 ms
[11-Nov-2025 09:16:38 PM] 🟡 GET /profile 304 - - bytes - 25.943 ms
[11-Nov-2025 09:16:39 PM] 🟡 GET /coupons/featured?skip=0 304 - - bytes - 29.980 ms
[11-Nov-2025 09:16:39 PM] 🟡 GET /notification 304 - - bytes - 33.669 ms
[11-Nov-2025 09:16:39 PM] 🟢 OPTIONS /service-providers/ 204 - 0 bytes - 0.071 ms
[11-Nov-2025 09:16:39 PM] 🟢 OPTIONS /service-providers/subscription-plans 204 - 0 bytes - 0.114 ms
[11-Nov-2025 09:16:39 PM] 🟢 OPTIONS /service-providers/get-paymentinfo 204 - 0 bytes - 0.109 ms
[11-Nov-2025 09:16:39 PM] 🔴 GET /service-providers/ 401 - 52 bytes - 1.445 ms
[11-Nov-2025 09:16:39 PM] 🟡 GET /service-providers/subscription-plans 304 - - bytes - 3.358 ms
[11-Nov-2025 09:16:39 PM] 🔴 GET /service-providers/get-paymentinfo 401 - 52 bytes - 1.551 ms
[11-Nov-2025 09:16:39 PM] 🟢 OPTIONS /refresh-token 204 - 0 bytes - 0.102 ms
[11-Nov-2025 09:16:39 PM] 🟢 OPTIONS /refresh-token 204 - 0 bytes - 0.130 ms
[11-Nov-2025 09:16:39 PM] 🟢 POST /refresh-token 200 - 194 bytes - 26.662 ms
[11-Nov-2025 09:16:39 PM] 🟢 POST /refresh-token 200 - 194 bytes - 21.820 ms
[11-Nov-2025 09:16:39 PM] 🟢 GET /service-providers/ 201 - 1772 bytes - 11.411 ms
[11-Nov-2025 09:16:39 PM] 🟢 OPTIONS /coupons/featured?skip=0 204 - 0 bytes - 0.087 ms
[11-Nov-2025 09:16:39 PM] 🟡 GET /banners/active 304 - - bytes - 27.075 ms
[11-Nov-2025 09:16:39 PM] 🟡 GET /service-providers/get-paymentinfo 304 - - bytes - 17.393 ms
[11-Nov-2025 09:16:39 PM] 🟢 OPTIONS /coupons/featured?skip=0 204 - 0 bytes - 0.086 ms
[11-Nov-2025 09:16:39 PM] 🟡 GET /getactive/services/?limit=3 304 - - bytes - 40.575 ms
[11-Nov-2025 09:16:39 PM] 🟢 OPTIONS /profile 204 - 0 bytes - 0.102 ms
[11-Nov-2025 09:16:39 PM] 🟡 GET /coupons/featured?skip=0 304 - - bytes - 14.870 ms
[11-Nov-2025 09:16:39 PM] 🟢 OPTIONS /notification 204 - 0 bytes - 0.091 ms
[11-Nov-2025 09:16:39 PM] 🟡 GET /coupons/featured?skip=0 304 - - bytes - 17.710 ms
[11-Nov-2025 09:16:39 PM] 🟡 GET /profile 304 - - bytes - 22.386 ms
[11-Nov-2025 09:16:39 PM] 🟡 GET /notification 304 - - bytes - 10.722 ms
[11-Nov-2025 09:20:40 PM] 🟡 GET /banners/active 304 - - bytes - 11.843 ms
[11-Nov-2025 09:20:40 PM] 🟡 GET /getactive/services/?limit=3 304 - - bytes - 16.218 ms
[11-Nov-2025 09:20:40 PM] 🟡 GET /banners/active 304 - - bytes - 12.877 ms
[11-Nov-2025 09:20:40 PM] 🟡 GET /getactive/services/?limit=3 304 - - bytes - 23.896 ms
[11-Nov-2025 09:21:17 PM] 🟡 GET /banners/active 304 - - bytes - 12.411 ms
[11-Nov-2025 09:21:17 PM] 🟢 OPTIONS /coupons/featured?skip=0 204 - 0 bytes - 0.075 ms
[11-Nov-2025 09:21:17 PM] 🟢 OPTIONS /coupons/featured?skip=0 204 - 0 bytes - 0.091 ms
[11-Nov-2025 09:21:17 PM] 🟡 GET /getactive/services/?limit=3 304 - - bytes - 22.947 ms
[11-Nov-2025 09:21:17 PM] 🟢 OPTIONS /notification 204 - 0 bytes - 0.105 ms
[11-Nov-2025 09:21:17 PM] 🟡 GET /coupons/featured?skip=0 304 - - bytes - 7.794 ms
[11-Nov-2025 09:21:17 PM] 🟡 GET /notification 304 - - bytes - 10.225 ms
[11-Nov-2025 09:21:17 PM] 🟡 GET /coupons/featured?skip=0 304 - - bytes - 6.304 ms
[11-Nov-2025 09:21:17 PM] 🟡 GET /banners/active 304 - - bytes - 15.653 ms
[11-Nov-2025 09:21:17 PM] 🟢 OPTIONS /coupons/featured?skip=0 204 - 0 bytes - 0.082 ms
[11-Nov-2025 09:21:17 PM] 🟡 GET /getactive/services/?limit=3 304 - - bytes - 21.707 ms
[11-Nov-2025 09:21:17 PM] 🟢 OPTIONS /coupons/featured?skip=0 204 - 0 bytes - 0.143 ms
[11-Nov-2025 09:21:17 PM] 🟢 OPTIONS /notification 204 - 0 bytes - 0.107 ms
[11-Nov-2025 09:21:17 PM] 🟡 GET /notification 304 - - bytes - 11.235 ms
[11-Nov-2025 09:21:17 PM] 🟡 GET /coupons/featured?skip=0 304 - - bytes - 17.361 ms
[11-Nov-2025 09:21:17 PM] 🟡 GET /coupons/featured?skip=0 304 - - bytes - 5.489 ms
[11-Nov-2025 09:23:47 PM] 🟡 GET /banners/active 304 - - bytes - 9.144 ms
[11-Nov-2025 09:23:47 PM] 🟢 OPTIONS /coupons/featured?skip=0 204 - 0 bytes - 0.083 ms
[11-Nov-2025 09:23:47 PM] 🟢 OPTIONS /coupons/featured?skip=0 204 - 0 bytes - 0.095 ms
[11-Nov-2025 09:23:47 PM] 🟡 GET /getactive/services/?limit=3 304 - - bytes - 28.712 ms
[11-Nov-2025 09:23:47 PM] 🟢 OPTIONS /notification 204 - 0 bytes - 0.114 ms
[11-Nov-2025 09:23:47 PM] 🔴 GET /notification 401 - 52 bytes - 2.550 ms
[11-Nov-2025 09:23:47 PM] 🟡 GET /coupons/featured?skip=0 304 - - bytes - 15.941 ms
[11-Nov-2025 09:23:47 PM] 🟡 GET /coupons/featured?skip=0 304 - - bytes - 12.991 ms
[11-Nov-2025 09:23:47 PM] 🟢 OPTIONS /refresh-token 204 - 0 bytes - 0.114 ms
[11-Nov-2025 09:23:47 PM] 🟢 OPTIONS /admin/profile 204 - 0 bytes - 0.619 ms
[11-Nov-2025 09:23:47 PM] 🟢 OPTIONS /admin/wallets/69130573b3de8fef3ba4a921 204 - 0 bytes - 0.146 ms
[11-Nov-2025 09:23:47 PM] 🟢 OPTIONS /coupons/featured?skip=0 204 - 0 bytes - 0.137 ms
[11-Nov-2025 09:23:47 PM] 🟢 OPTIONS /coupons/featured?skip=0 204 - 0 bytes - 0.099 ms
[11-Nov-2025 09:23:47 PM] 🟢 OPTIONS /notification 204 - 0 bytes - 0.092 ms
[11-Nov-2025 09:23:47 PM] 🟡 GET /banners/active 304 - - bytes - 34.608 ms
[11-Nov-2025 09:23:47 PM] 🟢 POST /refresh-token 200 - 194 bytes - 37.326 ms
[11-Nov-2025 09:23:47 PM] 🟡 GET /getactive/services/?limit=3 304 - - bytes - 75.177 ms
[11-Nov-2025 09:23:47 PM] 🟡 GET /admin/wallets/69130573b3de8fef3ba4a921 304 - - bytes - 8.126 ms
[11-Nov-2025 09:23:47 PM] 🟡 GET /admin/profile 304 - - bytes - 38.769 ms
[11-Nov-2025 09:23:47 PM] 🟡 GET /coupons/featured?skip=0 304 - - bytes - 40.186 ms
[11-Nov-2025 09:23:47 PM] 🟡 GET /notification 304 - - bytes - 34.241 ms
[11-Nov-2025 09:23:47 PM] 🟡 GET /notification 304 - - bytes - 31.206 ms
[11-Nov-2025 09:23:47 PM] 🟡 GET /coupons/featured?skip=0 304 - - bytes - 9.247 ms
[11-Nov-2025 09:23:53 PM] 🟢 OPTIONS /user/service/6912e9c30048a5bae03d527e 204 - 0 bytes - 0.345 ms
[11-Nov-2025 09:23:53 PM] 🟢 GET /user/service/6912e9c30048a5bae03d527e 200 - 2674 bytes - 30.338 ms
[11-Nov-2025 09:23:53 PM] 🟢 OPTIONS /service-providers/availability/6912e29c0048a5bae03d4fc8 204 - 0 bytes - 0.104 ms
[11-Nov-2025 09:23:53 PM] 🟡 GET /service-providers/availability/6912e29c0048a5bae03d4fc8 304 - - bytes - 6.750 ms
[11-Nov-2025 09:23:58 PM] 🟢 OPTIONS /logout 204 - 0 bytes - 0.070 ms
[11-Nov-2025 09:23:58 PM] 🟢 GET /logout 200 - 42 bytes - 1.130 ms
[11-Nov-2025 09:24:07 PM] 🟡 GET /coupons/featured?skip=0 304 - - bytes - 5.880 ms
[11-Nov-2025 09:24:07 PM] 🔴 GET /profile 401 - 45 bytes - 1.034 ms
[11-Nov-2025 09:24:07 PM] 🔴 GET /notification 401 - 45 bytes - 0.809 ms
[11-Nov-2025 09:24:07 PM] 🟡 GET /coupons/featured?skip=0 304 - - bytes - 18.572 ms
[11-Nov-2025 09:24:07 PM] 🟢 GET /user/service/6912e9c30048a5bae03d527e 200 - 2674 bytes - 27.134 ms
[11-Nov-2025 09:24:07 PM] 🟢 OPTIONS /refresh-token 204 - 0 bytes - 0.107 ms
[11-Nov-2025 09:24:07 PM] 🔴 POST /refresh-token 401 - 36 bytes - 0.563 ms
[11-Nov-2025 09:24:07 PM] 🔴 POST /refresh-token 401 - 36 bytes - 0.913 ms
[11-Nov-2025 09:24:10 PM] 🔴 GET /profile 401 - 45 bytes - 0.588 ms
[11-Nov-2025 09:24:10 PM] 🔴 GET /notification 401 - 45 bytes - 0.887 ms
[11-Nov-2025 09:24:10 PM] 🟡 GET /user/service/6912e9c30048a5bae03d527e 304 - - bytes - 18.854 ms
[11-Nov-2025 09:24:10 PM] 🟡 GET /coupons/featured?skip=0 304 - - bytes - 26.304 ms
[11-Nov-2025 09:24:10 PM] 🔴 POST /refresh-token 401 - 36 bytes - 0.318 ms
[11-Nov-2025 09:24:10 PM] 🔴 POST /refresh-token 401 - 36 bytes - 0.513 ms
[11-Nov-2025 09:24:10 PM] 🟡 GET /coupons/featured?skip=0 304 - - bytes - 11.450 ms
[11-Nov-2025 09:24:14 PM] 🟢 OPTIONS /signin/email 204 - 0 bytes - 0.097 ms
[11-Nov-2025 09:24:14 PM] 🟢 POST /signin/email 200 - 194 bytes - 87.184 ms
[11-Nov-2025 09:24:15 PM] 🟢 OPTIONS /coupons/featured?skip=0 204 - 0 bytes - 0.096 ms
[11-Nov-2025 09:24:15 PM] 🟡 GET /banners/active 304 - - bytes - 17.466 ms
[11-Nov-2025 09:24:15 PM] 🟢 OPTIONS /coupons/featured?skip=0 204 - 0 bytes - 0.216 ms
[11-Nov-2025 09:24:15 PM] 🟡 GET /getactive/services/?limit=3 304 - - bytes - 24.548 ms
[11-Nov-2025 09:24:15 PM] 🟢 OPTIONS /profile 204 - 0 bytes - 0.105 ms
[11-Nov-2025 09:24:15 PM] 🟢 OPTIONS /notification 204 - 0 bytes - 0.063 ms
[11-Nov-2025 09:24:15 PM] 🟡 GET /coupons/featured?skip=0 304 - - bytes - 10.153 ms
[11-Nov-2025 09:24:15 PM] 🟡 GET /profile 304 - - bytes - 14.595 ms
[11-Nov-2025 09:24:15 PM] 🟡 GET /notification 304 - - bytes - 18.900 ms
[11-Nov-2025 09:24:15 PM] 🟡 GET /coupons/featured?skip=0 304 - - bytes - 18.696 ms
[11-Nov-2025 09:24:20 PM] 🟢 OPTIONS /coupons/featured?skip=0 204 - 0 bytes - 0.112 ms
[11-Nov-2025 09:24:20 PM] 🟢 OPTIONS /coupons/featured?skip=0 204 - 0 bytes - 0.076 ms
[11-Nov-2025 09:24:20 PM] 🟢 OPTIONS /profile 204 - 0 bytes - 0.072 ms
[11-Nov-2025 09:24:20 PM] 🟢 OPTIONS /notification 204 - 0 bytes - 0.178 ms
[11-Nov-2025 09:24:26 PM] 🟢 OPTIONS /coupons/featured?skip=0 204 - 0 bytes - 0.101 ms
[11-Nov-2025 09:24:26 PM] 🟢 OPTIONS /coupons/featured?skip=0 204 - 0 bytes - 0.130 ms
[11-Nov-2025 09:24:26 PM] 🟢 OPTIONS /profile 204 - 0 bytes - 0.091 ms
[11-Nov-2025 09:24:26 PM] 🟢 OPTIONS /notification 204 - 0 bytes - 0.144 ms
[11-Nov-2025 09:24:30 PM] 🟡 GET /coupons/featured?skip=0 304 - - bytes - 10.729 ms
[11-Nov-2025 09:24:30 PM] 🟡 GET /coupons/featured?skip=0 304 - - bytes - 17.359 ms
[11-Nov-2025 09:24:35 PM] 🟢 OPTIONS /coupons/featured?skip=0 204 - 0 bytes - 0.075 ms
[11-Nov-2025 09:24:35 PM] 🟢 OPTIONS /coupons/featured?skip=0 204 - 0 bytes - 0.090 ms
[11-Nov-2025 09:24:35 PM] 🟢 OPTIONS /profile 204 - 0 bytes - 0.100 ms
[11-Nov-2025 09:24:35 PM] 🟢 OPTIONS /notification 204 - 0 bytes - 0.304 ms
[11-Nov-2025 09:24:36 PM] 🟡 GET /coupons/featured?skip=0 304 - - bytes - 8.473 ms
[11-Nov-2025 09:24:36 PM] 🟡 GET /coupons/featured?skip=0 304 - - bytes - 8.744 ms
[11-Nov-2025 09:24:37 PM] 🟡 GET /coupons/featured?skip=0 304 - - bytes - 15.849 ms
[11-Nov-2025 09:24:37 PM] 🟡 GET /coupons/featured?skip=0 304 - - bytes - 27.916 ms
[11-Nov-2025 09:24:38 PM] 🟢 OPTIONS /coupons/featured?skip=0 204 - 0 bytes - 0.141 ms
[11-Nov-2025 09:24:38 PM] 🟢 OPTIONS /coupons/featured?skip=0 204 - 0 bytes - 0.219 ms
[11-Nov-2025 09:24:38 PM] 🟡 GET /coupons/featured?skip=0 304 - - bytes - 9.336 ms
[11-Nov-2025 09:24:38 PM] 🟡 GET /coupons/featured?skip=0 304 - - bytes - 8.514 ms
[11-Nov-2025 09:24:54 PM] 🟢 OPTIONS /service-providers/verify 204 - 0 bytes - 0.114 ms
[11-Nov-2025 09:24:54 PM] 🟡 GET /service-providers/verify 304 - - bytes - 10.809 ms
[11-Nov-2025 09:24:54 PM] 🟢 OPTIONS /service-providers/ 204 - 0 bytes - 0.145 ms
[11-Nov-2025 09:24:54 PM] 🟢 OPTIONS /service-providers/subscription-plans 204 - 0 bytes - 0.129 ms
[11-Nov-2025 09:24:54 PM] 🟢 OPTIONS /service-providers/get-paymentinfo 204 - 0 bytes - 0.097 ms
[11-Nov-2025 09:24:54 PM] 🟢 GET /service-providers/ 201 - 1772 bytes - 8.405 ms
[11-Nov-2025 09:24:54 PM] 🟡 GET /service-providers/subscription-plans 304 - - bytes - 12.392 ms
[11-Nov-2025 09:24:54 PM] 🟡 GET /service-providers/get-paymentinfo 304 - - bytes - 12.140 ms
[11-Nov-2025 09:24:58 PM] 🟢 OPTIONS /service-providers/services/deactivate-all/6912e29c0048a5bae03d4fc8 204 - 0 bytes - 0.077 ms
[11-Nov-2025 09:24:58 PM] 🟢 PUT /service-providers/services/deactivate-all/6912e29c0048a5bae03d4fc8 200 - 69 bytes - 45.898 ms
[11-Nov-2025 09:25:01 PM] 🟡 GET /banners/active 304 - - bytes - 6.109 ms
[11-Nov-2025 09:25:01 PM] 🟢 OPTIONS /coupons/featured?skip=0 204 - 0 bytes - 0.204 ms
[11-Nov-2025 09:25:01 PM] 🟢 OPTIONS /coupons/featured?skip=0 204 - 0 bytes - 0.173 ms
[11-Nov-2025 09:25:01 PM] 🟡 GET /getactive/services/?limit=3 304 - - bytes - 25.654 ms
[11-Nov-2025 09:25:01 PM] 🟢 OPTIONS /profile 204 - 0 bytes - 0.354 ms
[11-Nov-2025 09:25:01 PM] 🟢 OPTIONS /notification 204 - 0 bytes - 0.196 ms
[11-Nov-2025 09:25:01 PM] 🟡 GET /coupons/featured?skip=0 304 - - bytes - 14.195 ms
[11-Nov-2025 09:25:01 PM] 🟡 GET /profile 304 - - bytes - 54.912 ms
[11-Nov-2025 09:25:01 PM] 🟡 GET /notification 304 - - bytes - 60.698 ms
[11-Nov-2025 09:25:01 PM] 🟡 GET /coupons/featured?skip=0 304 - - bytes - 49.937 ms
[11-Nov-2025 09:25:04 PM] 🟢 OPTIONS /service-providers/services/activate-all/6912e29c0048a5bae03d4fc8 204 - 0 bytes - 0.074 ms
[11-Nov-2025 09:25:04 PM] 🟢 PUT /service-providers/services/activate-all/6912e29c0048a5bae03d4fc8 200 - 60 bytes - 9.258 ms
[11-Nov-2025 09:25:09 PM] 🟡 GET /banners/active 304 - - bytes - 11.470 ms
[11-Nov-2025 09:25:09 PM] 🟡 GET /getactive/services/?limit=3 304 - - bytes - 20.619 ms
[11-Nov-2025 09:25:09 PM] 🟢 OPTIONS /coupons/featured?skip=0 204 - 0 bytes - 0.099 ms
[11-Nov-2025 09:25:09 PM] 🟢 OPTIONS /coupons/featured?skip=0 204 - 0 bytes - 0.086 ms
[11-Nov-2025 09:25:09 PM] 🟢 OPTIONS /profile 204 - 0 bytes - 0.069 ms
[11-Nov-2025 09:25:09 PM] 🟢 OPTIONS /notification 204 - 0 bytes - 0.080 ms
[11-Nov-2025 09:25:09 PM] 🟡 GET /coupons/featured?skip=0 304 - - bytes - 37.169 ms
[11-Nov-2025 09:25:09 PM] 🟡 GET /profile 304 - - bytes - 42.390 ms
[11-Nov-2025 09:25:09 PM] 🟡 GET /notification 304 - - bytes - 37.542 ms
[11-Nov-2025 09:25:09 PM] 🟡 GET /coupons/featured?skip=0 304 - - bytes - 12.787 ms
[11-Nov-2025 09:25:16 PM] 🟢 OPTIONS /service/ 204 - 0 bytes - 0.080 ms
[11-Nov-2025 09:25:16 PM] 🟢 GET /service/ 200 - 767 bytes - 41.184 ms
[11-Nov-2025 09:25:18 PM] 🟢 OPTIONS /service/block-unblock 204 - 0 bytes - 0.164 ms
[11-Nov-2025 09:25:18 PM] 🟢 PATCH /service/block-unblock 200 - 42 bytes - 30.429 ms
[11-Nov-2025 09:25:21 PM] 🟡 GET /banners/active 304 - - bytes - 16.067 ms
[11-Nov-2025 09:25:21 PM] 🟢 OPTIONS /coupons/featured?skip=0 204 - 0 bytes - 0.107 ms
[11-Nov-2025 09:25:21 PM] 🟢 GET /getactive/services/?limit=3 200 - 95 bytes - 33.132 ms
[11-Nov-2025 09:25:21 PM] 🟢 OPTIONS /coupons/featured?skip=0 204 - 0 bytes - 0.100 ms
[11-Nov-2025 09:25:21 PM] 🟢 OPTIONS /profile 204 - 0 bytes - 0.088 ms
[11-Nov-2025 09:25:21 PM] 🟢 OPTIONS /notification 204 - 0 bytes - 0.076 ms
[11-Nov-2025 09:25:21 PM] 🟡 GET /coupons/featured?skip=0 304 - - bytes - 7.151 ms
[11-Nov-2025 09:25:21 PM] 🟡 GET /profile 304 - - bytes - 19.583 ms
[11-Nov-2025 09:25:21 PM] 🟡 GET /notification 304 - - bytes - 32.817 ms
[11-Nov-2025 09:25:21 PM] 🟡 GET /coupons/featured?skip=0 304 - - bytes - 15.863 ms
[11-Nov-2025 09:25:24 PM] 🟢 OPTIONS /service/block-unblock 204 - 0 bytes - 0.104 ms
[11-Nov-2025 09:25:24 PM] 🟢 PATCH /service/block-unblock 200 - 44 bytes - 10.844 ms
[11-Nov-2025 09:25:26 PM] 🟡 GET /banners/active 304 - - bytes - 15.528 ms
[11-Nov-2025 09:25:26 PM] 🟢 GET /getactive/services/?limit=3 200 - 1061 bytes - 17.930 ms
[11-Nov-2025 09:25:26 PM] 🟢 OPTIONS /coupons/featured?skip=0 204 - 0 bytes - 0.110 ms
[11-Nov-2025 09:25:26 PM] 🟢 OPTIONS /coupons/featured?skip=0 204 - 0 bytes - 0.095 ms
[11-Nov-2025 09:25:26 PM] 🟢 OPTIONS /profile 204 - 0 bytes - 0.122 ms
[11-Nov-2025 09:25:26 PM] 🟢 OPTIONS /notification 204 - 0 bytes - 0.090 ms
[11-Nov-2025 09:25:26 PM] 🟡 GET /profile 304 - - bytes - 20.202 ms
[11-Nov-2025 09:25:26 PM] 🟡 GET /coupons/featured?skip=0 304 - - bytes - 26.864 ms
[11-Nov-2025 09:25:26 PM] 🟡 GET /notification 304 - - bytes - 21.974 ms
[11-Nov-2025 09:25:26 PM] 🟡 GET /coupons/featured?skip=0 304 - - bytes - 7.007 ms
[11-Nov-2025 09:25:28 PM] 🟡 GET /coupons/featured?skip=0 304 - - bytes - 14.005 ms
[11-Nov-2025 09:25:28 PM] 🟡 GET /coupons/featured?skip=0 304 - - bytes - 16.864 ms
[11-Nov-2025 09:25:29 PM] 🟡 GET /coupons/featured?skip=0 304 - - bytes - 17.909 ms
[11-Nov-2025 09:25:29 PM] 🟡 GET /coupons/featured?skip=0 304 - - bytes - 21.132 ms
[11-Nov-2025 09:25:30 PM] 🟡 GET /coupons/featured?skip=0 304 - - bytes - 8.827 ms
[11-Nov-2025 09:25:30 PM] 🟡 GET /coupons/featured?skip=0 304 - - bytes - 16.447 ms
[11-Nov-2025 09:25:36 PM] 🟢 OPTIONS /service-providers/categories 204 - 0 bytes - 0.143 ms
[11-Nov-2025 09:25:36 PM] 🟢 OPTIONS /service/ 204 - 0 bytes - 0.164 ms
[11-Nov-2025 09:25:36 PM] 🟢 GET /service-providers/categories 200 - 316 bytes - 9.775 ms
[11-Nov-2025 09:25:36 PM] 🟢 GET /service/ 200 - 767 bytes - 11.090 ms
[11-Nov-2025 09:25:39 PM] 🟡 GET /service/ 304 - - bytes - 6.892 ms
[11-Nov-2025 09:25:41 PM] 🟢 OPTIONS /service/bookings/serviceprovider?page=0&limit=4 204 - 0 bytes - 0.230 ms
[11-Nov-2025 09:25:41 PM] 🟡 GET /service/bookings/serviceprovider?page=0&limit=4 304 - - bytes - 17.338 ms
[11-Nov-2025 09:25:43 PM] 🟢 OPTIONS /payment/service-provider/ 204 - 0 bytes - 0.067 ms
[11-Nov-2025 09:25:43 PM] 🟢 GET /payment/service-provider/ 200 - 752 bytes - 9.816 ms
[11-Nov-2025 09:25:52 PM] 🟢 OPTIONS /service/bookings/serviceprovider?page=0&limit=4 204 - 0 bytes - 0.071 ms
[11-Nov-2025 09:25:52 PM] 🟡 GET /service/bookings/serviceprovider?page=0&limit=4 304 - - bytes - 15.552 ms
[11-Nov-2025 09:25:53 PM] 🟢 OPTIONS /service/ 204 - 0 bytes - 0.086 ms
[11-Nov-2025 09:25:53 PM] 🟡 GET /service/ 304 - - bytes - 3.314 ms
[11-Nov-2025 09:25:54 PM] 🟢 OPTIONS /service-providers/get-paymentinfo 204 - 0 bytes - 0.118 ms
[11-Nov-2025 09:25:54 PM] 🟡 GET /service-providers/get-paymentinfo 304 - - bytes - 5.927 ms
[11-Nov-2025 09:25:57 PM] 🟢 OPTIONS /service-providers/ 204 - 0 bytes - 0.119 ms
[11-Nov-2025 09:25:57 PM] 🟢 OPTIONS /service-providers/subscription-plans 204 - 0 bytes - 0.168 ms
[11-Nov-2025 09:25:57 PM] 🟢 GET /service-providers/ 201 - 1772 bytes - 10.581 ms
[11-Nov-2025 09:25:57 PM] 🟡 GET /service-providers/get-paymentinfo 304 - - bytes - 10.084 ms
[11-Nov-2025 09:25:57 PM] 🟡 GET /service-providers/subscription-plans 304 - - bytes - 7.864 ms
[11-Nov-2025 09:25:58 PM] 🟢 OPTIONS /coupons/featured?skip=0 204 - 0 bytes - 0.097 ms
[11-Nov-2025 09:25:58 PM] 🟢 OPTIONS /coupons/featured?skip=0 204 - 0 bytes - 0.176 ms
[11-Nov-2025 09:25:58 PM] 🟢 OPTIONS /notification 204 - 0 bytes - 0.075 ms
[11-Nov-2025 09:25:58 PM] 🟡 GET /banners/active 304 - - bytes - 18.747 ms
[11-Nov-2025 09:25:59 PM] 🟡 GET /coupons/featured?skip=0 304 - - bytes - 25.937 ms
[11-Nov-2025 09:25:59 PM] 🟡 GET /notification 304 - - bytes - 24.579 ms
[11-Nov-2025 09:25:59 PM] 🟡 GET /getactive/services/?limit=3 304 - - bytes - 47.466 ms
[11-Nov-2025 09:25:59 PM] 🟡 GET /coupons/featured?skip=0 304 - - bytes - 11.883 ms
[11-Nov-2025 09:28:03 PM] 🟢 OPTIONS /coupons/featured?skip=0 204 - 0 bytes - 0.090 ms
[11-Nov-2025 09:28:03 PM] 🟢 OPTIONS /coupons/featured?skip=0 204 - 0 bytes - 0.078 ms
[11-Nov-2025 09:28:03 PM] 🟢 OPTIONS /profile 204 - 0 bytes - 0.084 ms
[11-Nov-2025 09:28:03 PM] 🟢 OPTIONS /notification 204 - 0 bytes - 0.080 ms
[11-Nov-2025 09:28:03 PM] 🟡 GET /banners/active 304 - - bytes - 9.483 ms
[11-Nov-2025 09:28:03 PM] 🟡 GET /getactive/services/?limit=3 304 - - bytes - 15.205 ms
[11-Nov-2025 09:28:03 PM] 🟡 GET /coupons/featured?skip=0 304 - - bytes - 29.803 ms
[11-Nov-2025 09:28:03 PM] 🟡 GET /profile 304 - - bytes - 28.193 ms
[11-Nov-2025 09:28:03 PM] 🟡 GET /notification 304 - - bytes - 26.159 ms
[11-Nov-2025 09:28:03 PM] 🟡 GET /coupons/featured?skip=0 304 - - bytes - 6.260 ms
[11-Nov-2025 09:28:04 PM] 🟢 OPTIONS /coupons/featured?skip=0 204 - 0 bytes - 0.255 ms
[11-Nov-2025 09:28:04 PM] 🟡 GET /banners/active 304 - - bytes - 14.403 ms
[11-Nov-2025 09:28:04 PM] 🟢 OPTIONS /coupons/featured?skip=0 204 - 0 bytes - 0.084 ms
[11-Nov-2025 09:28:04 PM] 🟡 GET /getactive/services/?limit=3 304 - - bytes - 19.595 ms
[11-Nov-2025 09:28:04 PM] 🟢 OPTIONS /profile 204 - 0 bytes - 0.100 ms
[11-Nov-2025 09:28:04 PM] 🟢 OPTIONS /notification 204 - 0 bytes - 0.086 ms
[11-Nov-2025 09:28:04 PM] 🟡 GET /coupons/featured?skip=0 304 - - bytes - 8.627 ms
[11-Nov-2025 09:28:04 PM] 🟢 OPTIONS /admin/profile 204 - 0 bytes - 0.100 ms
[11-Nov-2025 09:28:04 PM] 🟢 OPTIONS /admin/wallets/69130573b3de8fef3ba4a921 204 - 0 bytes - 0.118 ms
[11-Nov-2025 09:28:04 PM] 🟡 GET /profile 304 - - bytes - 25.299 ms
[11-Nov-2025 09:28:04 PM] 🟡 GET /notification 304 - - bytes - 22.583 ms
[11-Nov-2025 09:28:04 PM] 🟡 GET /coupons/featured?skip=0 304 - - bytes - 20.217 ms
[11-Nov-2025 09:28:04 PM] 🟡 GET /admin/profile 304 - - bytes - 7.264 ms
[11-Nov-2025 09:28:04 PM] 🟡 GET /admin/wallets/69130573b3de8fef3ba4a921 304 - - bytes - 6.223 ms
[11-Nov-2025 09:28:15 PM] 🟡 GET /banners/active 304 - - bytes - 14.884 ms
[11-Nov-2025 09:28:15 PM] 🟡 GET /getactive/services/?limit=3 304 - - bytes - 23.124 ms
[11-Nov-2025 09:28:15 PM] 🟢 OPTIONS /coupons/featured?skip=0 204 - 0 bytes - 0.120 ms
[11-Nov-2025 09:28:15 PM] 🟡 GET /coupons/featured?skip=0 304 - - bytes - 18.475 ms
[11-Nov-2025 09:28:15 PM] 🟢 OPTIONS /notification 204 - 0 bytes - 0.137 ms
[11-Nov-2025 09:28:15 PM] 🟢 OPTIONS /coupons/featured?skip=0 204 - 0 bytes - 0.121 ms
[11-Nov-2025 09:28:15 PM] 🟢 OPTIONS /coupons/featured?skip=0 204 - 0 bytes - 0.105 ms
[11-Nov-2025 09:28:15 PM] 🟢 OPTIONS /notification 204 - 0 bytes - 0.112 ms
[11-Nov-2025 09:28:15 PM] 🟡 GET /banners/active 304 - - bytes - 27.806 ms
[11-Nov-2025 09:28:15 PM] 🟡 GET /getactive/services/?limit=3 304 - - bytes - 59.555 ms
[11-Nov-2025 09:28:15 PM] 🟡 GET /notification 304 - - bytes - 40.428 ms
[11-Nov-2025 09:28:15 PM] 🟡 GET /coupons/featured?skip=0 304 - - bytes - 69.635 ms
[11-Nov-2025 09:28:15 PM] 🟢 GET /coupons/featured?skip=0 - - - bytes - - ms
[11-Nov-2025 09:28:15 PM] 🟢 GET /notification - - - bytes - - ms
[11-Nov-2025 09:28:16 PM] 🟢 OPTIONS /profile 204 - 0 bytes - 0.102 ms
[11-Nov-2025 09:28:16 PM] 🟢 GET /banners/active 200 - 542 bytes - 48.487 ms
[11-Nov-2025 09:28:16 PM] 🟢 GET /getactive/services/?limit=3 200 - 1061 bytes - 73.586 ms
[11-Nov-2025 09:28:16 PM] 🟢 GET /notification 200 - 45 bytes - 16.309 ms
[11-Nov-2025 09:28:16 PM] 🟢 GET /coupons/featured?skip=0 200 - 167 bytes - 71.374 ms
[11-Nov-2025 09:28:16 PM] 🟢 GET /coupons/featured?skip=0 200 - 167 bytes - 18.950 ms
[11-Nov-2025 09:28:16 PM] 🟡 GET /profile 304 - - bytes - 14.847 ms
[11-Nov-2025 09:28:17 PM] 🟢 OPTIONS /admin/profile 204 - 0 bytes - 0.090 ms
[11-Nov-2025 09:28:17 PM] 🟢 OPTIONS /admin/wallets/69130573b3de8fef3ba4a921 204 - 0 bytes - 0.099 ms
[11-Nov-2025 09:28:17 PM] 🟡 GET /admin/profile 304 - - bytes - 16.401 ms
[11-Nov-2025 09:28:17 PM] 🟡 GET /admin/wallets/69130573b3de8fef3ba4a921 304 - - bytes - 18.485 ms
[11-Nov-2025 09:28:17 PM] 🟡 GET /banners/active 304 - - bytes - 32.095 ms
[11-Nov-2025 09:28:17 PM] 🟡 GET /getactive/services/?limit=3 304 - - bytes - 42.007 ms
[11-Nov-2025 09:28:17 PM] 🟡 GET /coupons/featured?skip=0 304 - - bytes - 31.325 ms
[11-Nov-2025 09:28:17 PM] 🟢 OPTIONS /profile 204 - 0 bytes - 0.090 ms
[11-Nov-2025 09:28:17 PM] 🟡 GET /notification 304 - - bytes - 30.978 ms
[11-Nov-2025 09:28:17 PM] 🟡 GET /coupons/featured?skip=0 304 - - bytes - 8.242 ms
[11-Nov-2025 09:28:17 PM] 🟡 GET /profile 304 - - bytes - 10.982 ms
[11-Nov-2025 09:29:53 PM] 🟢 OPTIONS /admin/profile 204 - 0 bytes - 0.112 ms
[11-Nov-2025 09:29:53 PM] 🟢 OPTIONS /admin/wallets/69130573b3de8fef3ba4a921 204 - 0 bytes - 0.113 ms
[11-Nov-2025 09:29:53 PM] 🔴 GET /admin/profile 401 - 52 bytes - 4.802 ms
[11-Nov-2025 09:29:53 PM] 🟡 GET /admin/wallets/69130573b3de8fef3ba4a921 304 - - bytes - 7.028 ms
[11-Nov-2025 09:29:53 PM] 🟢 OPTIONS /admin-refresh-token 204 - 0 bytes - 0.106 ms
[11-Nov-2025 09:29:53 PM] 🟢 POST /admin-refresh-token 200 - 194 bytes - 21.245 ms
[11-Nov-2025 09:29:53 PM] 🟡 GET /banners/active 304 - - bytes - 16.615 ms
[11-Nov-2025 09:29:53 PM] 🟢 OPTIONS /coupons/featured?skip=0 204 - 0 bytes - 0.091 ms
[11-Nov-2025 09:29:53 PM] 🟢 OPTIONS /coupons/featured?skip=0 204 - 0 bytes - 0.101 ms
[11-Nov-2025 09:29:53 PM] 🟡 GET /getactive/services/?limit=3 304 - - bytes - 26.104 ms
[11-Nov-2025 09:29:53 PM] 🟢 OPTIONS /profile 204 - 0 bytes - 0.120 ms
[11-Nov-2025 09:29:53 PM] 🟢 OPTIONS /notification 204 - 0 bytes - 0.109 ms
[11-Nov-2025 09:29:53 PM] 🟡 GET /getactive/services/?limit=3 304 - - bytes - 23.456 ms
[11-Nov-2025 09:29:53 PM] 🟢 OPTIONS /coupons/featured?skip=0 204 - 0 bytes - 0.096 ms
[11-Nov-2025 09:29:53 PM] 🟢 OPTIONS /coupons/featured?skip=0 204 - 0 bytes - 0.111 ms
[11-Nov-2025 09:29:53 PM] 🟢 OPTIONS /profile 204 - 0 bytes - 0.180 ms
[11-Nov-2025 09:29:53 PM] 🟢 OPTIONS /notification 204 - 0 bytes - 0.092 ms
[11-Nov-2025 09:29:53 PM] 🟡 GET /banners/active 304 - - bytes - 27.604 ms
[11-Nov-2025 09:29:53 PM] 🟡 GET /coupons/featured?skip=0 304 - - bytes - 42.860 ms
[11-Nov-2025 09:29:53 PM] 🟡 GET /profile 304 - - bytes - 41.613 ms
[11-Nov-2025 09:29:53 PM] 🟡 GET /notification 304 - - bytes - 25.064 ms
[11-Nov-2025 09:29:53 PM] 🟡 GET /coupons/featured?skip=0 304 - - bytes - 21.729 ms
[11-Nov-2025 09:29:53 PM] 🟡 GET /coupons/featured?skip=0 304 - - bytes - 19.891 ms
[11-Nov-2025 09:29:53 PM] 🟡 GET /profile 304 - - bytes - 13.121 ms
[11-Nov-2025 09:29:53 PM] 🟡 GET /admin/profile 304 - - bytes - 3.794 ms
[11-Nov-2025 09:29:53 PM] 🟡 GET /notification 304 - - bytes - 21.736 ms
[11-Nov-2025 09:29:53 PM] 🟡 GET /coupons/featured?skip=0 304 - - bytes - 11.953 ms
[11-Nov-2025 09:30:50 PM] 🟡 GET /banners/active 304 - - bytes - 12.264 ms
[11-Nov-2025 09:30:50 PM] 🟢 OPTIONS /coupons/featured?skip=0 204 - 0 bytes - 0.079 ms
[11-Nov-2025 09:30:50 PM] 🟢 OPTIONS /coupons/featured?skip=0 204 - 0 bytes - 0.099 ms
[11-Nov-2025 09:30:50 PM] 🟡 GET /getactive/services/?limit=3 304 - - bytes - 23.248 ms
[11-Nov-2025 09:30:50 PM] 🟢 OPTIONS /profile 204 - 0 bytes - 0.096 ms
[11-Nov-2025 09:30:50 PM] 🟢 OPTIONS /notification 204 - 0 bytes - 0.091 ms
[11-Nov-2025 09:30:50 PM] 🟡 GET /coupons/featured?skip=0 304 - - bytes - 12.499 ms
[11-Nov-2025 09:30:50 PM] 🟡 GET /notification 304 - - bytes - 15.788 ms
[11-Nov-2025 09:30:50 PM] 🟡 GET /profile 304 - - bytes - 22.383 ms
[11-Nov-2025 09:30:50 PM] 🟡 GET /coupons/featured?skip=0 304 - - bytes - 12.714 ms
[11-Nov-2025 09:30:50 PM] 🟢 OPTIONS /admin/profile 204 - 0 bytes - 0.096 ms
[11-Nov-2025 09:30:50 PM] 🟡 GET /getactive/services/?limit=3 304 - - bytes - 18.873 ms
[11-Nov-2025 09:30:50 PM] 🟢 OPTIONS /profile 204 - 0 bytes - 0.112 ms
[11-Nov-2025 09:30:50 PM] 🟢 OPTIONS /admin/wallets/69130573b3de8fef3ba4a921 204 - 0 bytes - 0.144 ms
[11-Nov-2025 09:30:50 PM] 🟡 GET /banners/active 304 - - bytes - 12.437 ms
[11-Nov-2025 09:30:50 PM] 🟢 OPTIONS /notification 204 - 0 bytes - 0.091 ms
[11-Nov-2025 09:30:50 PM] 🟢 OPTIONS /coupons/featured?skip=0 204 - 0 bytes - 0.081 ms
[11-Nov-2025 09:30:50 PM] 🟢 OPTIONS /coupons/featured?skip=0 204 - 0 bytes - 0.097 ms
[11-Nov-2025 09:30:50 PM] 🟡 GET /admin/profile 304 - - bytes - 3.727 ms
[11-Nov-2025 09:30:50 PM] 🟡 GET /profile 304 - - bytes - 18.900 ms
[11-Nov-2025 09:30:50 PM] 🟡 GET /admin/wallets/69130573b3de8fef3ba4a921 304 - - bytes - 8.994 ms
[11-Nov-2025 09:30:50 PM] 🟡 GET /notification 304 - - bytes - 18.446 ms
[11-Nov-2025 09:30:50 PM] 🟡 GET /coupons/featured?skip=0 304 - - bytes - 7.734 ms
[11-Nov-2025 09:30:50 PM] 🟡 GET /coupons/featured?skip=0 304 - - bytes - 8.895 ms
[11-Nov-2025 09:31:24 PM] 🟢 OPTIONS /coupons/featured?skip=0 204 - 0 bytes - 0.109 ms
[11-Nov-2025 09:31:24 PM] 🟢 OPTIONS /coupons/featured?skip=0 204 - 0 bytes - 0.125 ms
[11-Nov-2025 09:31:24 PM] 🟢 OPTIONS /profile 204 - 0 bytes - 0.083 ms
[11-Nov-2025 09:31:24 PM] 🟢 OPTIONS /notification 204 - 0 bytes - 0.096 ms
[11-Nov-2025 09:31:24 PM] 🟡 GET /banners/active 304 - - bytes - 16.430 ms
[11-Nov-2025 09:31:24 PM] 🟡 GET /getactive/services/?limit=3 304 - - bytes - 33.993 ms
[11-Nov-2025 09:31:24 PM] 🟡 GET /coupons/featured?skip=0 304 - - bytes - 16.136 ms
[11-Nov-2025 09:31:24 PM] 🟡 GET /profile 304 - - bytes - 13.093 ms
[11-Nov-2025 09:31:25 PM] 🟡 GET /notification 304 - - bytes - 17.494 ms
[11-Nov-2025 09:31:25 PM] 🟡 GET /coupons/featured?skip=0 304 - - bytes - 27.925 ms
[11-Nov-2025 09:31:25 PM] 🟢 OPTIONS /coupons/featured?skip=0 204 - 0 bytes - 0.108 ms
[11-Nov-2025 09:31:25 PM] 🟡 GET /banners/active 304 - - bytes - 13.718 ms
[11-Nov-2025 09:31:25 PM] 🟢 OPTIONS /coupons/featured?skip=0 204 - 0 bytes - 0.091 ms
[11-Nov-2025 09:31:25 PM] 🟡 GET /getactive/services/?limit=3 304 - - bytes - 19.352 ms
[11-Nov-2025 09:31:25 PM] 🟢 OPTIONS /notification 204 - 0 bytes - 0.091 ms
[11-Nov-2025 09:31:25 PM] 🟢 OPTIONS /profile 204 - 0 bytes - 0.091 ms
[11-Nov-2025 09:31:25 PM] 🟢 OPTIONS /admin/wallets/69130573b3de8fef3ba4a921 204 - 0 bytes - 0.080 ms
[11-Nov-2025 09:31:25 PM] 🟢 OPTIONS /admin/profile 204 - 0 bytes - 0.090 ms
[11-Nov-2025 09:31:25 PM] 🟡 GET /coupons/featured?skip=0 304 - - bytes - 9.048 ms
[11-Nov-2025 09:31:25 PM] 🟡 GET /notification 304 - - bytes - 20.531 ms
[11-Nov-2025 09:31:25 PM] 🟡 GET /admin/wallets/69130573b3de8fef3ba4a921 304 - - bytes - 23.342 ms
[11-Nov-2025 09:31:25 PM] 🟡 GET /admin/profile 304 - - bytes - 18.447 ms
[11-Nov-2025 09:31:25 PM] 🟡 GET /profile 304 - - bytes - 35.380 ms
[11-Nov-2025 09:31:25 PM] 🟡 GET /coupons/featured?skip=0 304 - - bytes - 9.667 ms
[11-Nov-2025 09:31:35 PM] 🟡 GET /banners/active 304 - - bytes - 29.513 ms
[11-Nov-2025 09:31:35 PM] 🟢 OPTIONS /coupons/featured?skip=0 204 - 0 bytes - 0.095 ms
[11-Nov-2025 09:31:35 PM] 🟡 GET /getactive/services/?limit=3 304 - - bytes - 37.279 ms
[11-Nov-2025 09:31:35 PM] 🟢 OPTIONS /coupons/featured?skip=0 204 - 0 bytes - 0.110 ms
[11-Nov-2025 09:31:35 PM] 🟢 OPTIONS /profile 204 - 0 bytes - 0.087 ms
[11-Nov-2025 09:31:35 PM] 🟢 OPTIONS /notification 204 - 0 bytes - 0.101 ms
[11-Nov-2025 09:31:35 PM] 🟡 GET /coupons/featured?skip=0 304 - - bytes - 16.378 ms
[11-Nov-2025 09:31:35 PM] 🟡 GET /profile 304 - - bytes - 16.654 ms
[11-Nov-2025 09:31:35 PM] 🟡 GET /coupons/featured?skip=0 304 - - bytes - 21.760 ms
[11-Nov-2025 09:31:35 PM] 🟡 GET /notification 304 - - bytes - 21.030 ms
[11-Nov-2025 09:31:36 PM] 🟡 GET /banners/active 304 - - bytes - 14.904 ms
[11-Nov-2025 09:31:36 PM] 🟡 GET /getactive/services/?limit=3 304 - - bytes - 20.452 ms
[11-Nov-2025 09:31:36 PM] 🟢 OPTIONS /coupons/featured?skip=0 204 - 0 bytes - 0.097 ms
[11-Nov-2025 09:31:36 PM] 🟢 OPTIONS /coupons/featured?skip=0 204 - 0 bytes - 0.136 ms
[11-Nov-2025 09:31:36 PM] 🟢 OPTIONS /profile 204 - 0 bytes - 0.085 ms
[11-Nov-2025 09:31:36 PM] 🟢 OPTIONS /notification 204 - 0 bytes - 0.122 ms
[11-Nov-2025 09:31:36 PM] 🟡 GET /coupons/featured?skip=0 304 - - bytes - 10.700 ms
[11-Nov-2025 09:31:36 PM] 🟡 GET /profile 304 - - bytes - 15.791 ms
[11-Nov-2025 09:31:36 PM] 🟡 GET /notification 304 - - bytes - 13.472 ms
[11-Nov-2025 09:31:36 PM] 🟡 GET /coupons/featured?skip=0 304 - - bytes - 6.012 ms
[11-Nov-2025 09:31:36 PM] 🟢 OPTIONS /admin/profile 204 - 0 bytes - 0.065 ms
[11-Nov-2025 09:31:36 PM] 🟢 OPTIONS /admin/wallets/69130573b3de8fef3ba4a921 204 - 0 bytes - 0.092 ms
[11-Nov-2025 09:31:36 PM] 🟡 GET /admin/profile 304 - - bytes - 8.985 ms
[11-Nov-2025 09:31:36 PM] 🟡 GET /admin/wallets/69130573b3de8fef3ba4a921 304 - - bytes - 9.627 ms
[11-Nov-2025 09:32:37 PM] 🟢 OPTIONS /coupons/featured?skip=0 204 - 0 bytes - 0.066 ms
[11-Nov-2025 09:32:37 PM] 🟡 GET /banners/active 304 - - bytes - 13.844 ms
[11-Nov-2025 09:32:37 PM] 🟢 OPTIONS /coupons/featured?skip=0 204 - 0 bytes - 0.105 ms
[11-Nov-2025 09:32:37 PM] 🟡 GET /getactive/services/?limit=3 304 - - bytes - 20.273 ms
[11-Nov-2025 09:32:37 PM] 🟢 OPTIONS /profile 204 - 0 bytes - 0.103 ms
[11-Nov-2025 09:32:37 PM] 🟢 OPTIONS /notification 204 - 0 bytes - 0.114 ms
[11-Nov-2025 09:32:37 PM] 🔴 GET /profile 401 - 52 bytes - 4.997 ms
[11-Nov-2025 09:32:37 PM] 🟡 GET /coupons/featured?skip=0 304 - - bytes - 19.961 ms
[11-Nov-2025 09:32:37 PM] 🔴 GET /notification 401 - 52 bytes - 1.629 ms
[11-Nov-2025 09:32:37 PM] 🟡 GET /coupons/featured?skip=0 304 - - bytes - 6.012 ms
[11-Nov-2025 09:32:37 PM] 🟢 OPTIONS /refresh-token 204 - 0 bytes - 0.132 ms
[11-Nov-2025 09:32:37 PM] 🟢 OPTIONS /refresh-token 204 - 0 bytes - 0.115 ms
[11-Nov-2025 09:32:37 PM] 🟢 POST /refresh-token 200 - 194 bytes - 20.122 ms
[11-Nov-2025 09:32:37 PM] 🟢 POST /refresh-token 200 - 194 bytes - 37.072 ms
[11-Nov-2025 09:32:37 PM] 🟡 GET /profile 304 - - bytes - 26.793 ms
[11-Nov-2025 09:32:37 PM] 🟡 GET /notification 304 - - bytes - 26.194 ms
[11-Nov-2025 09:36:21 PM] 🟢 OPTIONS /admin/profile 204 - 0 bytes - 0.077 ms
[11-Nov-2025 09:36:21 PM] 🟢 OPTIONS /admin/wallets/69130573b3de8fef3ba4a921 204 - 0 bytes - 0.135 ms
[11-Nov-2025 09:36:21 PM] 🟡 GET /admin/profile 304 - - bytes - 7.736 ms
[11-Nov-2025 09:36:21 PM] 🟡 GET /admin/wallets/69130573b3de8fef3ba4a921 304 - - bytes - 6.896 ms
[11-Nov-2025 09:36:24 PM] 🟢 OPTIONS /admin/users?page=0&limit=8 204 - 0 bytes - 0.062 ms
[11-Nov-2025 09:36:24 PM] 🟢 OPTIONS /admin/users?page=0&limit=8 204 - 0 bytes - 0.161 ms
[11-Nov-2025 09:36:24 PM] 🟡 GET /admin/users?page=0&limit=8 304 - - bytes - 7.851 ms
[11-Nov-2025 09:36:24 PM] 🟡 GET /admin/users?page=0&limit=8 304 - - bytes - 6.423 ms
[11-Nov-2025 09:36:29 PM] 🟡 GET /banners/active 304 - - bytes - 12.612 ms
[11-Nov-2025 09:36:29 PM] 🟢 OPTIONS /coupons/featured?skip=0 204 - 0 bytes - 0.302 ms
[11-Nov-2025 09:36:29 PM] 🟡 GET /getactive/services/?limit=3 304 - - bytes - 27.081 ms
[11-Nov-2025 09:36:29 PM] 🟢 OPTIONS /coupons/featured?skip=0 204 - 0 bytes - 0.117 ms
[11-Nov-2025 09:36:29 PM] 🟢 OPTIONS /profile 204 - 0 bytes - 0.085 ms
[11-Nov-2025 09:36:29 PM] 🟢 OPTIONS /notification 204 - 0 bytes - 0.084 ms
[11-Nov-2025 09:36:29 PM] 🟡 GET /coupons/featured?skip=0 304 - - bytes - 20.964 ms
[11-Nov-2025 09:36:29 PM] 🟡 GET /profile 304 - - bytes - 34.059 ms
[11-Nov-2025 09:36:29 PM] 🟡 GET /notification 304 - - bytes - 24.057 ms
[11-Nov-2025 09:36:29 PM] 🟡 GET /coupons/featured?skip=0 304 - - bytes - 8.966 ms
[11-Nov-2025 09:36:43 PM] 🟢 OPTIONS /coupons/featured?skip=0 204 - 0 bytes - 0.130 ms
[11-Nov-2025 09:36:43 PM] 🟢 OPTIONS /coupons/featured?skip=0 204 - 0 bytes - 0.118 ms
[11-Nov-2025 09:36:43 PM] 🟢 OPTIONS /notification 204 - 0 bytes - 0.098 ms
[11-Nov-2025 09:36:43 PM] 🟡 GET /banners/active 304 - - bytes - 10.441 ms
[11-Nov-2025 09:36:43 PM] 🟡 GET /getactive/services/?limit=3 304 - - bytes - 29.082 ms
[11-Nov-2025 09:36:43 PM] 🟡 GET /coupons/featured?skip=0 304 - - bytes - 18.421 ms
[11-Nov-2025 09:36:43 PM] 🟡 GET /notification 304 - - bytes - 9.616 ms
[11-Nov-2025 09:36:43 PM] 🟡 GET /coupons/featured?skip=0 304 - - bytes - 6.349 ms
[11-Nov-2025 09:57:26 PM] 🟡 GET /banners/active 304 - - bytes - 15.489 ms
[11-Nov-2025 09:57:26 PM] 🟢 OPTIONS /coupons/featured?skip=0 204 - 0 bytes - 0.090 ms
[11-Nov-2025 09:57:26 PM] 🟡 GET /getactive/services/?limit=3 304 - - bytes - 25.490 ms
[11-Nov-2025 09:57:26 PM] 🟢 OPTIONS /coupons/featured?skip=0 204 - 0 bytes - 0.814 ms
[11-Nov-2025 09:57:26 PM] 🟢 OPTIONS /profile 204 - 0 bytes - 0.119 ms
[11-Nov-2025 09:57:26 PM] 🟢 OPTIONS /notification 204 - 0 bytes - 0.105 ms
[11-Nov-2025 09:57:26 PM] 🔴 GET /profile 401 - 52 bytes - 1.607 ms
[11-Nov-2025 09:57:26 PM] 🔴 GET /notification 401 - 52 bytes - 1.106 ms
[11-Nov-2025 09:57:26 PM] 🟡 GET /coupons/featured?skip=0 304 - - bytes - 16.687 ms
[11-Nov-2025 09:57:26 PM] 🟡 GET /coupons/featured?skip=0 304 - - bytes - 5.735 ms
[11-Nov-2025 09:57:26 PM] 🟢 OPTIONS /coupons/featured?skip=0 204 - 0 bytes - 1.921 ms
[11-Nov-2025 09:57:26 PM] 🟢 OPTIONS /coupons/featured?skip=0 204 - 0 bytes - 0.156 ms
[11-Nov-2025 09:57:26 PM] 🟢 OPTIONS /profile 204 - 0 bytes - 0.121 ms
[11-Nov-2025 09:57:26 PM] 🟢 OPTIONS /notification 204 - 0 bytes - 0.123 ms
[11-Nov-2025 09:57:26 PM] 🟡 GET /getactive/services/?limit=3 304 - - bytes - 37.876 ms
[11-Nov-2025 09:57:26 PM] 🟢 OPTIONS /refresh-token 204 - 0 bytes - 0.113 ms
[11-Nov-2025 09:57:26 PM] 🟢 OPTIONS /refresh-token 204 - 0 bytes - 0.729 ms
[11-Nov-2025 09:57:26 PM] 🟡 GET /banners/active 304 - - bytes - 7.295 ms
[11-Nov-2025 09:57:26 PM] 🟢 OPTIONS /coupons/featured?skip=0 204 - 0 bytes - 0.105 ms
[11-Nov-2025 09:57:26 PM] 🟢 OPTIONS /coupons/featured?skip=0 204 - 0 bytes - 0.069 ms
[11-Nov-2025 09:57:26 PM] 🟢 OPTIONS /profile 204 - 0 bytes - 0.103 ms
[11-Nov-2025 09:57:26 PM] 🟢 OPTIONS /notification 204 - 0 bytes - 0.102 ms
[11-Nov-2025 09:57:26 PM] 🟢 POST /refresh-token 200 - 194 bytes - 7.079 ms
[11-Nov-2025 09:57:26 PM] 🟢 POST /refresh-token 200 - 194 bytes - 9.307 ms
[11-Nov-2025 09:57:26 PM] 🔴 GET /profile 401 - 52 bytes - 1.604 ms
[11-Nov-2025 09:57:26 PM] 🟡 GET /profile 304 - - bytes - 18.058 ms
[11-Nov-2025 09:57:26 PM] 🔴 GET /notification 401 - 52 bytes - 1.357 ms
[11-Nov-2025 09:57:26 PM] 🟡 GET /coupons/featured?skip=0 304 - - bytes - 19.619 ms
[11-Nov-2025 09:57:26 PM] 🔴 GET /notification 401 - 52 bytes - 1.129 ms
[11-Nov-2025 09:57:26 PM] 🔴 GET /profile 401 - 52 bytes - 2.184 ms
[11-Nov-2025 09:57:26 PM] 🟡 GET /notification 304 - - bytes - 16.091 ms
[11-Nov-2025 09:57:26 PM] 🟡 GET /coupons/featured?skip=0 304 - - bytes - 5.510 ms
[11-Nov-2025 09:57:26 PM] 🟢 OPTIONS /refresh-token 204 - 0 bytes - 0.090 ms
[11-Nov-2025 09:57:26 PM] 🟢 OPTIONS /refresh-token 204 - 0 bytes - 0.091 ms
[11-Nov-2025 09:57:26 PM] 🟡 GET /coupons/featured?skip=0 304 - - bytes - 11.810 ms
[11-Nov-2025 09:57:26 PM] 🟢 POST /refresh-token 200 - 194 bytes - 9.768 ms
[11-Nov-2025 09:57:26 PM] 🟢 POST /refresh-token 200 - 194 bytes - 5.971 ms
[11-Nov-2025 09:57:26 PM] 🟢 POST /refresh-token 200 - 194 bytes - 8.978 ms
[11-Nov-2025 09:57:26 PM] 🟡 GET /coupons/featured?skip=0 304 - - bytes - 12.858 ms
[11-Nov-2025 09:57:26 PM] 🟢 POST /refresh-token 200 - 194 bytes - 5.026 ms
[11-Nov-2025 09:57:26 PM] 🟡 GET /profile 304 - - bytes - 11.100 ms
[11-Nov-2025 09:57:26 PM] 🟡 GET /notification 304 - - bytes - 16.765 ms
[11-Nov-2025 09:57:26 PM] 🟡 GET /profile 304 - - bytes - 13.246 ms
[11-Nov-2025 09:57:26 PM] 🟡 GET /notification 304 - - bytes - 12.196 ms
[12-Nov-2025 12:21:07 PM] 🟢 OPTIONS /coupons/featured?skip=0 204 - 0 bytes - 0.076 ms
[12-Nov-2025 12:21:07 PM] 🟢 OPTIONS /coupons/featured?skip=0 204 - 0 bytes - 0.056 ms
[12-Nov-2025 12:21:07 PM] 🟢 OPTIONS /profile 204 - 0 bytes - 0.068 ms
[12-Nov-2025 12:21:07 PM] 🟢 OPTIONS /notification 204 - 0 bytes - 0.060 ms
[12-Nov-2025 12:21:07 PM] 🟡 GET /banners/active 304 - - bytes - 41.158 ms
[12-Nov-2025 12:21:07 PM] 🟡 GET /getactive/services/?limit=3 304 - - bytes - 53.397 ms
[12-Nov-2025 12:21:07 PM] 🔴 GET /profile 401 - 52 bytes - 1.959 ms
[12-Nov-2025 12:21:07 PM] 🔴 GET /notification 401 - 52 bytes - 2.344 ms
[12-Nov-2025 12:21:07 PM] 🟡 GET /coupons/featured?skip=0 304 - - bytes - 16.529 ms
[12-Nov-2025 12:21:07 PM] 🟡 GET /coupons/featured?skip=0 304 - - bytes - 7.859 ms
[12-Nov-2025 12:21:07 PM] 🟢 OPTIONS /refresh-token 204 - 0 bytes - 0.093 ms
[12-Nov-2025 12:21:07 PM] 🟢 OPTIONS /refresh-token 204 - 0 bytes - 0.090 ms
[12-Nov-2025 12:21:07 PM] 🟢 POST /refresh-token 200 - 194 bytes - 6.363 ms
[12-Nov-2025 12:21:07 PM] 🟢 POST /refresh-token 200 - 194 bytes - 5.935 ms
[12-Nov-2025 12:21:07 PM] 🟡 GET /notification 304 - - bytes - 7.854 ms
[12-Nov-2025 12:21:07 PM] 🟡 GET /profile 304 - - bytes - 5.457 ms
[12-Nov-2025 12:21:08 PM] 🟢 OPTIONS /coupons/featured?skip=0 204 - 0 bytes - 0.099 ms
[12-Nov-2025 12:21:08 PM] 🟢 OPTIONS /coupons/featured?skip=0 204 - 0 bytes - 0.099 ms
[12-Nov-2025 12:21:08 PM] 🟢 OPTIONS /profile 204 - 0 bytes - 0.085 ms
[12-Nov-2025 12:21:08 PM] 🟢 OPTIONS /notification 204 - 0 bytes - 0.079 ms
[12-Nov-2025 12:21:08 PM] 🔴 GET /profile 401 - 52 bytes - 1.112 ms
[12-Nov-2025 12:21:08 PM] 🟡 GET /coupons/featured?skip=0 304 - - bytes - 34.663 ms
[12-Nov-2025 12:21:08 PM] 🔴 GET /notification 401 - 52 bytes - 1.489 ms
[12-Nov-2025 12:21:08 PM] 🟡 GET /coupons/featured?skip=0 304 - - bytes - 6.224 ms
[12-Nov-2025 12:21:08 PM] 🟢 OPTIONS /refresh-token 204 - 0 bytes - 0.097 ms
[12-Nov-2025 12:21:08 PM] 🟢 POST /refresh-token 200 - 194 bytes - 6.430 ms
[12-Nov-2025 12:21:08 PM] 🟢 POST /refresh-token 200 - 194 bytes - 7.453 ms
[12-Nov-2025 12:21:08 PM] 🔴 GET /profile 401 - 52 bytes - 2.510 ms
[12-Nov-2025 12:21:08 PM] 🔴 GET /notification 401 - 52 bytes - 3.262 ms
[12-Nov-2025 12:21:08 PM] 🟡 GET /banners/active 304 - - bytes - 33.507 ms
[12-Nov-2025 12:21:08 PM] 🟡 GET /coupons/featured?skip=0 304 - - bytes - 40.314 ms
[12-Nov-2025 12:21:08 PM] 🟡 GET /getactive/services/?limit=3 304 - - bytes - 57.264 ms
[12-Nov-2025 12:21:08 PM] 🟡 GET /notification 304 - - bytes - 22.710 ms
[12-Nov-2025 12:21:08 PM] 🟡 GET /coupons/featured?skip=0 304 - - bytes - 10.682 ms
[12-Nov-2025 12:21:08 PM] 🟡 GET /profile 304 - - bytes - 16.061 ms
[12-Nov-2025 12:21:08 PM] 🟢 POST /refresh-token 200 - 194 bytes - 13.262 ms
[12-Nov-2025 12:21:08 PM] 🟢 POST /refresh-token 200 - 194 bytes - 7.613 ms
[12-Nov-2025 12:21:08 PM] 🟡 GET /profile 304 - - bytes - 7.815 ms
[12-Nov-2025 12:21:08 PM] 🟡 GET /notification 304 - - bytes - 5.746 ms
[12-Nov-2025 12:53:44 PM] 🟡 GET /banners/active 304 - - bytes - 9.761 ms
[12-Nov-2025 12:53:44 PM] 🟢 OPTIONS /coupons/featured?skip=0 204 - 0 bytes - 0.096 ms
[12-Nov-2025 12:53:44 PM] 🟢 OPTIONS /coupons/featured?skip=0 204 - 0 bytes - 0.093 ms
[12-Nov-2025 12:53:44 PM] 🟡 GET /getactive/services/?limit=3 304 - - bytes - 17.084 ms
[12-Nov-2025 12:53:44 PM] 🟢 OPTIONS /profile 204 - 0 bytes - 0.097 ms
[12-Nov-2025 12:53:44 PM] 🟢 OPTIONS /notification 204 - 0 bytes - 0.085 ms
[12-Nov-2025 12:53:44 PM] 🟡 GET /coupons/featured?skip=0 304 - - bytes - 6.074 ms
[12-Nov-2025 12:53:44 PM] 🔴 GET /profile 401 - 52 bytes - 1.229 ms
[12-Nov-2025 12:53:44 PM] 🔴 GET /notification 401 - 52 bytes - 1.222 ms
[12-Nov-2025 12:53:44 PM] 🟡 GET /coupons/featured?skip=0 304 - - bytes - 6.356 ms
[12-Nov-2025 12:53:44 PM] 🟢 OPTIONS /refresh-token 204 - 0 bytes - 0.104 ms
[12-Nov-2025 12:53:44 PM] 🟢 POST /refresh-token 200 - 194 bytes - 3.672 ms
[12-Nov-2025 12:53:44 PM] 🟢 POST /refresh-token 200 - 194 bytes - 3.616 ms
[12-Nov-2025 12:53:44 PM] 🟡 GET /profile 304 - - bytes - 5.095 ms
[12-Nov-2025 12:53:44 PM] 🟡 GET /notification 304 - - bytes - 5.985 ms
[12-Nov-2025 12:53:44 PM] 🟢 OPTIONS /coupons/featured?skip=0 204 - 0 bytes - 0.069 ms
[12-Nov-2025 12:53:44 PM] 🟢 OPTIONS /coupons/featured?skip=0 204 - 0 bytes - 0.098 ms
[12-Nov-2025 12:53:44 PM] 🟢 OPTIONS /notification 204 - 0 bytes - 0.066 ms
[12-Nov-2025 12:53:44 PM] 🟢 OPTIONS /profile 204 - 0 bytes - 0.064 ms
[12-Nov-2025 12:53:44 PM] 🟢 OPTIONS /profile 204 - 0 bytes - 0.091 ms
[12-Nov-2025 12:53:44 PM] 🟢 OPTIONS /notification 204 - 0 bytes - 0.105 ms
[12-Nov-2025 12:53:44 PM] 🟡 GET /banners/active 304 - - bytes - 7.964 ms
[12-Nov-2025 12:53:44 PM] 🔴 GET /notification 401 - 52 bytes - 1.153 ms
[12-Nov-2025 12:53:44 PM] 🟡 GET /coupons/featured?skip=0 304 - - bytes - 10.494 ms
[12-Nov-2025 12:53:44 PM] 🔴 GET /profile 401 - 52 bytes - 0.991 ms
[12-Nov-2025 12:53:44 PM] 🟡 GET /getactive/services/?limit=3 304 - - bytes - 20.299 ms
[12-Nov-2025 12:53:44 PM] 🔴 GET /notification 401 - 52 bytes - 1.014 ms
[12-Nov-2025 12:53:44 PM] 🔴 GET /profile 401 - 52 bytes - 1.226 ms
[12-Nov-2025 12:53:44 PM] 🟢 OPTIONS /refresh-token 204 - 0 bytes - 0.112 ms
[12-Nov-2025 12:53:44 PM] 🟡 GET /coupons/featured?skip=0 304 - - bytes - 7.968 ms
[12-Nov-2025 12:53:44 PM] 🟢 POST /refresh-token 200 - 194 bytes - 7.186 ms
[12-Nov-2025 12:53:44 PM] 🟢 POST /refresh-token 200 - 194 bytes - 5.362 ms
[12-Nov-2025 12:53:44 PM] 🟡 GET /coupons/featured?skip=0 304 - - bytes - 6.635 ms
[12-Nov-2025 12:53:44 PM] 🟡 GET /coupons/featured?skip=0 304 - - bytes - 4.751 ms
[12-Nov-2025 12:53:44 PM] 🟢 POST /refresh-token 200 - 194 bytes - 2.581 ms
[12-Nov-2025 12:53:44 PM] 🟢 POST /refresh-token 200 - 194 bytes - 2.941 ms
[12-Nov-2025 12:53:44 PM] 🟡 GET /notification 304 - - bytes - 7.378 ms
[12-Nov-2025 12:53:44 PM] 🟡 GET /profile 304 - - bytes - 6.523 ms
[12-Nov-2025 12:53:44 PM] 🟡 GET /notification 304 - - bytes - 5.044 ms
[12-Nov-2025 12:53:44 PM] 🟡 GET /profile 304 - - bytes - 6.465 ms
[12-Nov-2025 03:16:14 PM] 🟡 GET /banners/active 304 - - bytes - 8.449 ms
[12-Nov-2025 03:16:14 PM] 🟢 OPTIONS /coupons/featured?skip=0 204 - 0 bytes - 0.159 ms
[12-Nov-2025 03:16:14 PM] 🟢 OPTIONS /coupons/featured?skip=0 204 - 0 bytes - 0.106 ms
[12-Nov-2025 03:16:14 PM] 🟡 GET /getactive/services/?limit=3 304 - - bytes - 20.757 ms
[12-Nov-2025 03:16:14 PM] 🟢 OPTIONS /notification 204 - 0 bytes - 0.115 ms
[12-Nov-2025 03:16:14 PM] 🟡 GET /coupons/featured?skip=0 304 - - bytes - 11.717 ms
[12-Nov-2025 03:16:14 PM] 🔴 GET /notification 401 - 52 bytes - 1.682 ms
[12-Nov-2025 03:16:14 PM] 🟡 GET /coupons/featured?skip=0 304 - - bytes - 9.958 ms
[12-Nov-2025 03:16:14 PM] 🟢 OPTIONS /coupons/featured?skip=0 204 - 0 bytes - 0.517 ms
[12-Nov-2025 03:16:14 PM] 🟢 OPTIONS /coupons/featured?skip=0 204 - 0 bytes - 0.111 ms
[12-Nov-2025 03:16:14 PM] 🟢 OPTIONS /notification 204 - 0 bytes - 0.298 ms
[12-Nov-2025 03:16:14 PM] 🔴 GET /notification 401 - 52 bytes - 1.790 ms
[12-Nov-2025 03:16:14 PM] 🟢 OPTIONS /refresh-token 204 - 0 bytes - 0.113 ms
[12-Nov-2025 03:16:14 PM] 🟡 GET /coupons/featured?skip=0 304 - - bytes - 11.669 ms
[12-Nov-2025 03:16:14 PM] 🟢 POST /refresh-token 200 - 194 bytes - 8.331 ms
[12-Nov-2025 03:16:14 PM] 🟡 GET /coupons/featured?skip=0 304 - - bytes - 8.430 ms
[12-Nov-2025 03:16:14 PM] 🟢 OPTIONS /refresh-token 204 - 0 bytes - 0.096 ms
[12-Nov-2025 03:16:14 PM] 🟢 POST /refresh-token 200 - 194 bytes - 10.066 ms
[12-Nov-2025 03:16:14 PM] 🟡 GET /banners/active 304 - - bytes - 13.353 ms
[12-Nov-2025 03:16:14 PM] 🟡 GET /getactive/services/?limit=3 304 - - bytes - 34.520 ms
[12-Nov-2025 03:16:14 PM] 🟡 GET /notification 304 - - bytes - 10.797 ms
[12-Nov-2025 03:16:14 PM] 🟡 GET /notification 304 - - bytes - 9.447 ms
[12-Nov-2025 03:16:14 PM] 🟡 GET /coupons/featured?skip=0 304 - - bytes - 10.913 ms
[12-Nov-2025 03:16:14 PM] 🟢 OPTIONS /profile 204 - 0 bytes - 0.108 ms
[12-Nov-2025 03:16:14 PM] 🔴 GET /notification 401 - 52 bytes - 1.441 ms
[12-Nov-2025 03:16:14 PM] 🟡 GET /coupons/featured?skip=0 304 - - bytes - 12.325 ms
[12-Nov-2025 03:16:14 PM] 🔴 GET /profile 401 - 52 bytes - 2.083 ms
[12-Nov-2025 03:16:14 PM] 🟢 POST /refresh-token 200 - 194 bytes - 5.086 ms
[12-Nov-2025 03:16:14 PM] 🟢 POST /refresh-token 200 - 194 bytes - 4.562 ms
[12-Nov-2025 03:16:14 PM] 🟡 GET /notification 304 - - bytes - 13.245 ms
[12-Nov-2025 03:16:14 PM] 🟡 GET /profile 304 - - bytes - 5.979 ms
[12-Nov-2025 03:18:37 PM] 🟢 OPTIONS /service-providers/verify 204 - 0 bytes - 0.216 ms
[12-Nov-2025 03:18:37 PM] 🟡 GET /service-providers/verify 304 - - bytes - 10.406 ms
[12-Nov-2025 03:18:37 PM] 🟢 OPTIONS /service-providers/ 204 - 0 bytes - 0.147 ms
[12-Nov-2025 03:18:38 PM] 🟢 OPTIONS /service-providers/subscription-plans 204 - 0 bytes - 0.074 ms
[12-Nov-2025 03:18:38 PM] 🟢 OPTIONS /service-providers/get-paymentinfo 204 - 0 bytes - 0.182 ms
[12-Nov-2025 03:18:38 PM] 🟢 GET /service-providers/ 201 - 1772 bytes - 8.080 ms
[12-Nov-2025 03:18:38 PM] 🟡 GET /service-providers/subscription-plans 304 - - bytes - 12.489 ms
[12-Nov-2025 03:18:38 PM] 🟡 GET /service-providers/get-paymentinfo 304 - - bytes - 9.424 ms
[12-Nov-2025 03:18:42 PM] 🟢 OPTIONS /service-providers/ai-assistance/providers/6912e29c0048a5bae03d4fc8/chats 204 - 0 bytes - 0.232 ms
[12-Nov-2025 03:18:42 PM] 🟡 GET /service-providers/ai-assistance/providers/6912e29c0048a5bae03d4fc8/chats 304 - - bytes - 15.085 ms
[12-Nov-2025 03:18:43 PM] 🟡 GET /service-providers/ai-assistance/providers/6912e29c0048a5bae03d4fc8/chats 304 - - bytes - 3.863 ms
[12-Nov-2025 03:18:44 PM] 🟡 GET /service-providers/ai-assistance/providers/6912e29c0048a5bae03d4fc8/chats 304 - - bytes - 2.797 ms
[12-Nov-2025 03:18:44 PM] 🟡 GET /service-providers/ai-assistance/providers/6912e29c0048a5bae03d4fc8/chats 304 - - bytes - 3.375 ms
[12-Nov-2025 03:18:45 PM] 🟡 GET /service-providers/ai-assistance/providers/6912e29c0048a5bae03d4fc8/chats 304 - - bytes - 2.909 ms
[12-Nov-2025 03:18:46 PM] 🟡 GET /service-providers/ai-assistance/providers/6912e29c0048a5bae03d4fc8/chats 304 - - bytes - 2.385 ms
[12-Nov-2025 03:18:46 PM] 🟡 GET /service-providers/ai-assistance/providers/6912e29c0048a5bae03d4fc8/chats 304 - - bytes - 2.529 ms
[12-Nov-2025 03:18:47 PM] 🟡 GET /service-providers/ai-assistance/providers/6912e29c0048a5bae03d4fc8/chats 304 - - bytes - 3.686 ms
[12-Nov-2025 03:18:48 PM] 🟢 OPTIONS /service-providers/ai-assistance/providers/6912e29c0048a5bae03d4fc8/chats 204 - 0 bytes - 0.072 ms
[12-Nov-2025 03:18:48 PM] 🟡 GET /service-providers/ai-assistance/providers/6912e29c0048a5bae03d4fc8/chats 304 - - bytes - 4.780 ms
[12-Nov-2025 03:18:48 PM] 🟡 GET /service-providers/ai-assistance/providers/6912e29c0048a5bae03d4fc8/chats 304 - - bytes - 4.442 ms
[12-Nov-2025 03:18:50 PM] 🟢 OPTIONS /service/ 204 - 0 bytes - 0.091 ms
[12-Nov-2025 03:18:50 PM] 🟡 GET /service/ 304 - - bytes - 3.762 ms
[12-Nov-2025 03:18:51 PM] 🟢 OPTIONS /service-providers/get-paymentinfo 204 - 0 bytes - 0.127 ms
[12-Nov-2025 03:18:51 PM] 🟡 GET /service-providers/get-paymentinfo 304 - - bytes - 4.315 ms
[12-Nov-2025 03:19:21 PM] 🟢 OPTIONS /service-providers/ai-assistance/providers/6912e29c0048a5bae03d4fc8/chats 204 - 0 bytes - 0.085 ms
[12-Nov-2025 03:19:21 PM] 🟢 OPTIONS /service-providers/get-paymentinfo 204 - 0 bytes - 0.067 ms
[12-Nov-2025 03:19:21 PM] 🟡 GET /service-providers/ai-assistance/providers/6912e29c0048a5bae03d4fc8/chats 304 - - bytes - 15.910 ms
[12-Nov-2025 03:19:21 PM] 🟡 GET /service-providers/get-paymentinfo 304 - - bytes - 17.691 ms
[12-Nov-2025 03:19:22 PM] 🟡 GET /service-providers/ai-assistance/providers/6912e29c0048a5bae03d4fc8/chats 304 - - bytes - 5.901 ms
[12-Nov-2025 03:19:22 PM] 🟡 GET /service-providers/get-paymentinfo 304 - - bytes - 5.713 ms
[12-Nov-2025 03:19:23 PM] 🟡 GET /service-providers/ai-assistance/providers/6912e29c0048a5bae03d4fc8/chats 304 - - bytes - 9.236 ms
[12-Nov-2025 03:19:23 PM] 🟡 GET /service-providers/get-paymentinfo 304 - - bytes - 8.511 ms
[12-Nov-2025 03:19:24 PM] 🟡 GET /service-providers/ai-assistance/providers/6912e29c0048a5bae03d4fc8/chats 304 - - bytes - 4.672 ms
[12-Nov-2025 03:19:24 PM] 🟡 GET /service-providers/get-paymentinfo 304 - - bytes - 3.737 ms
[12-Nov-2025 03:19:25 PM] 🟡 GET /service-providers/ai-assistance/providers/6912e29c0048a5bae03d4fc8/chats 304 - - bytes - 4.366 ms
[12-Nov-2025 03:19:25 PM] 🟡 GET /service-providers/get-paymentinfo 304 - - bytes - 6.166 ms
[12-Nov-2025 03:19:26 PM] 🟡 GET /service-providers/ai-assistance/providers/6912e29c0048a5bae03d4fc8/chats 304 - - bytes - 4.806 ms
[12-Nov-2025 03:19:26 PM] 🟡 GET /service-providers/get-paymentinfo 304 - - bytes - 4.728 ms
[12-Nov-2025 03:21:36 PM] 🟢 OPTIONS /service-providers/ 204 - 0 bytes - 0.098 ms
[12-Nov-2025 03:21:36 PM] 🟢 GET /service-providers/ 201 - 1772 bytes - 6.543 ms
[12-Nov-2025 03:25:23 PM] 🟢 OPTIONS /service-providers/ai-assistance/providers/6912e29c0048a5bae03d4fc8/chats 204 - 0 bytes - 0.094 ms
[12-Nov-2025 03:25:23 PM] 🟡 GET /service-providers/ai-assistance/providers/6912e29c0048a5bae03d4fc8/chats 304 - - bytes - 3.087 ms
[12-Nov-2025 03:25:23 PM] 🟢 OPTIONS /service-providers/get-paymentinfo 204 - 0 bytes - 0.087 ms
[12-Nov-2025 03:25:23 PM] 🟡 GET /service-providers/get-paymentinfo 304 - - bytes - 4.867 ms
[12-Nov-2025 03:25:27 PM] 🟡 GET /service-providers/ai-assistance/providers/6912e29c0048a5bae03d4fc8/chats 304 - - bytes - 4.281 ms
[12-Nov-2025 03:25:27 PM] 🟡 GET /service-providers/get-paymentinfo 304 - - bytes - 5.375 ms
[12-Nov-2025 03:25:30 PM] 🟢 OPTIONS /service-providers/ai-assistance/providers/6912e29c0048a5bae03d4fc8/chats 204 - 0 bytes - 0.065 ms
[12-Nov-2025 03:25:30 PM] 🟢 OPTIONS /service-providers/get-paymentinfo 204 - 0 bytes - 0.090 ms
[12-Nov-2025 03:25:30 PM] 🟡 GET /service-providers/ai-assistance/providers/6912e29c0048a5bae03d4fc8/chats 304 - - bytes - 5.788 ms
[12-Nov-2025 03:25:30 PM] 🟡 GET /service-providers/get-paymentinfo 304 - - bytes - 9.582 ms
[12-Nov-2025 03:25:33 PM] 🟡 GET /service-providers/ai-assistance/providers/6912e29c0048a5bae03d4fc8/chats 304 - - bytes - 4.967 ms
[12-Nov-2025 03:25:33 PM] 🟡 GET /service-providers/get-paymentinfo 304 - - bytes - 4.932 ms
[12-Nov-2025 03:25:38 PM] 🟢 OPTIONS /service/bookings/serviceprovider?page=0&limit=4 204 - 0 bytes - 0.077 ms
[12-Nov-2025 03:25:38 PM] 🟡 GET /service/bookings/serviceprovider?page=0&limit=4 304 - - bytes - 8.036 ms
[12-Nov-2025 03:25:40 PM] 🟢 OPTIONS /service-providers/ai-assistance/providers/6912e29c0048a5bae03d4fc8/chats 204 - 0 bytes - 0.070 ms
[12-Nov-2025 03:25:40 PM] 🟢 OPTIONS /service-providers/get-paymentinfo 204 - 0 bytes - 0.110 ms
[12-Nov-2025 03:25:40 PM] 🟡 GET /service-providers/ai-assistance/providers/6912e29c0048a5bae03d4fc8/chats 304 - - bytes - 6.863 ms
[12-Nov-2025 03:25:40 PM] 🟡 GET /service-providers/get-paymentinfo 304 - - bytes - 5.984 ms
[12-Nov-2025 03:25:42 PM] 🟡 GET /service/bookings/serviceprovider?page=0&limit=4 304 - - bytes - 6.999 ms
[12-Nov-2025 03:29:17 PM] 🟢 OPTIONS /service-providers/ai-assistance/providers/6912e29c0048a5bae03d4fc8/chats 204 - 0 bytes - 0.066 ms
[12-Nov-2025 03:29:18 PM] 🟡 GET /service-providers/ai-assistance/providers/6912e29c0048a5bae03d4fc8/chats 304 - - bytes - 2.816 ms
[12-Nov-2025 03:29:18 PM] 🟢 OPTIONS /service/bookings/serviceprovider?page=0&limit=4 204 - 0 bytes - 0.063 ms
[12-Nov-2025 03:29:18 PM] 🟡 GET /service/bookings/serviceprovider?page=0&limit=4 304 - - bytes - 11.377 ms
[12-Nov-2025 03:29:20 PM] 🟡 GET /service-providers/ai-assistance/providers/6912e29c0048a5bae03d4fc8/chats 304 - - bytes - 2.871 ms
[12-Nov-2025 03:29:20 PM] 🟡 GET /service/bookings/serviceprovider?page=0&limit=4 304 - - bytes - 11.796 ms
[12-Nov-2025 03:29:22 PM] 🟡 GET /service-providers/ai-assistance/providers/6912e29c0048a5bae03d4fc8/chats 304 - - bytes - 4.858 ms
[12-Nov-2025 03:29:22 PM] 🟡 GET /service/bookings/serviceprovider?page=0&limit=4 304 - - bytes - 6.440 ms
[12-Nov-2025 03:29:26 PM] 🟢 OPTIONS /service-providers/ 204 - 0 bytes - 0.088 ms
[12-Nov-2025 03:29:26 PM] 🟢 OPTIONS /service-providers/subscription-plans 204 - 0 bytes - 0.084 ms
[12-Nov-2025 03:29:26 PM] 🟢 OPTIONS /service/bookings/serviceprovider?page=0&limit=4 204 - 0 bytes - 0.126 ms
[12-Nov-2025 03:29:26 PM] 🟢 GET /service-providers/ 201 - 1772 bytes - 12.864 ms
[12-Nov-2025 03:29:26 PM] 🟡 GET /service-providers/subscription-plans 304 - - bytes - 4.364 ms
[12-Nov-2025 03:29:26 PM] 🟡 GET /service/bookings/serviceprovider?page=0&limit=4 304 - - bytes - 11.379 ms
[12-Nov-2025 03:29:27 PM] 🟢 OPTIONS /payment/service-provider/ 204 - 0 bytes - 0.201 ms
[12-Nov-2025 03:29:27 PM] 🟡 GET /payment/service-provider/ 304 - - bytes - 12.109 ms
[12-Nov-2025 03:29:28 PM] 🟢 OPTIONS /service-providers/ai-assistance/providers/6912e29c0048a5bae03d4fc8/chats 204 - 0 bytes - 0.121 ms
[12-Nov-2025 03:29:28 PM] 🟡 GET /service-providers/ai-assistance/providers/6912e29c0048a5bae03d4fc8/chats 304 - - bytes - 4.357 ms
[12-Nov-2025 03:29:28 PM] 🟡 GET /payment/service-provider/ 304 - - bytes - 6.204 ms
[12-Nov-2025 03:29:31 PM] 🟢 OPTIONS /service/ 204 - 0 bytes - 0.099 ms
[12-Nov-2025 03:29:31 PM] 🟡 GET /service/ 304 - - bytes - 5.873 ms
[12-Nov-2025 03:41:56 PM] 🟢 OPTIONS /service-providers/ai-assistance/providers/6912e29c0048a5bae03d4fc8/chats 204 - 0 bytes - 0.102 ms
[12-Nov-2025 03:41:56 PM] 🟡 GET /service-providers/ai-assistance/providers/6912e29c0048a5bae03d4fc8/chats 304 - - bytes - 3.581 ms
[12-Nov-2025 03:41:56 PM] 🟢 OPTIONS /service/ 204 - 0 bytes - 0.093 ms
[12-Nov-2025 03:41:56 PM] 🔴 GET /service/ 401 - 52 bytes - 5.041 ms
[12-Nov-2025 03:41:56 PM] 🟢 OPTIONS /refresh-token 204 - 0 bytes - 0.188 ms
[12-Nov-2025 03:41:56 PM] 🟢 POST /refresh-token 200 - 194 bytes - 5.723 ms
[12-Nov-2025 03:41:56 PM] 🟡 GET /service/ 304 - - bytes - 9.374 ms
[12-Nov-2025 03:42:23 PM] 🟢 OPTIONS /service-providers/ai-assistance/providers/6912e29c0048a5bae03d4fc8/chats 204 - 0 bytes - 0.068 ms
[12-Nov-2025 03:42:23 PM] 🟢 OPTIONS /service/ 204 - 0 bytes - 0.068 ms
[12-Nov-2025 03:42:23 PM] 🟡 GET /service-providers/ai-assistance/providers/6912e29c0048a5bae03d4fc8/chats 304 - - bytes - 20.501 ms
[12-Nov-2025 03:42:23 PM] 🟡 GET /service/ 304 - - bytes - 29.123 ms
[12-Nov-2025 03:42:25 PM] 🟢 OPTIONS /payment/subscription/createOrder 204 - 0 bytes - 0.096 ms
[12-Nov-2025 03:42:26 PM] 🟢 POST /payment/subscription/createOrder 200 - 258 bytes - 973.017 ms
[12-Nov-2025 03:42:48 PM] 🟢 OPTIONS /payment/subscription/verify 204 - 0 bytes - 0.187 ms
[12-Nov-2025 03:42:48 PM] 🟢 POST /payment/subscription/verify 200 - 85 bytes - 45.604 ms
[12-Nov-2025 03:42:48 PM] 🟢 OPTIONS /service-providers/ 204 - 0 bytes - 0.117 ms
[12-Nov-2025 03:42:48 PM] 🟢 GET /service-providers/ 201 - 2009 bytes - 7.343 ms
[12-Nov-2025 03:42:52 PM] 🟢 OPTIONS /service-providers/ai-assistance/providers/6912e29c0048a5bae03d4fc8/chats 204 - 0 bytes - 0.104 ms
[12-Nov-2025 03:42:52 PM] 🟡 GET /service-providers/ai-assistance/providers/6912e29c0048a5bae03d4fc8/chats 304 - - bytes - 9.830 ms
[12-Nov-2025 03:42:52 PM] 🟢 OPTIONS /service/ 204 - 0 bytes - 0.129 ms
[12-Nov-2025 03:42:52 PM] 🟡 GET /service/ 304 - - bytes - 8.559 ms
[12-Nov-2025 03:42:56 PM] 🟢 OPTIONS /chat/chats 204 - 0 bytes - 0.087 ms
[12-Nov-2025 03:42:56 PM] 🟢 POST /chat/chats 200 - 2 bytes - 9.750 ms
[12-Nov-2025 03:42:57 PM] 🟡 GET /service-providers/ai-assistance/providers/6912e29c0048a5bae03d4fc8/chats 304 - - bytes - 6.615 ms
[12-Nov-2025 03:42:57 PM] 🟢 POST /chat/chats 200 - 2 bytes - 5.885 ms
[12-Nov-2025 03:43:00 PM] 🟢 OPTIONS /service-providers/ 204 - 0 bytes - 0.072 ms
[12-Nov-2025 03:43:00 PM] 🟢 OPTIONS /service-providers/subscription-plans 204 - 0 bytes - 0.104 ms
[12-Nov-2025 03:43:00 PM] 🟢 GET /service-providers/ 201 - 2009 bytes - 6.968 ms
[12-Nov-2025 03:43:00 PM] 🟡 GET /service-providers/subscription-plans 304 - - bytes - 9.679 ms
[12-Nov-2025 03:43:00 PM] 🟢 POST /chat/chats 200 - 2 bytes - 2.992 ms
[12-Nov-2025 03:43:00 PM] 🟡 GET /banners/active 304 - - bytes - 10.510 ms
[12-Nov-2025 03:43:00 PM] 🟢 OPTIONS /coupons/featured?skip=0 204 - 0 bytes - 0.414 ms
[12-Nov-2025 03:43:00 PM] 🟢 OPTIONS /coupons/featured?skip=0 204 - 0 bytes - 0.101 ms
[12-Nov-2025 03:43:00 PM] 🟡 GET /getactive/services/?limit=3 304 - - bytes - 20.819 ms
[12-Nov-2025 03:43:00 PM] 🟢 OPTIONS /profile 204 - 0 bytes - 0.103 ms
[12-Nov-2025 03:43:00 PM] 🟢 OPTIONS /notification 204 - 0 bytes - 0.089 ms
[12-Nov-2025 03:43:00 PM] 🟡 GET /coupons/featured?skip=0 304 - - bytes - 12.301 ms
[12-Nov-2025 03:43:00 PM] 🟡 GET /profile 304 - - bytes - 19.890 ms
[12-Nov-2025 03:43:00 PM] 🟡 GET /notification 304 - - bytes - 16.967 ms
[12-Nov-2025 03:43:00 PM] 🟡 GET /coupons/featured?skip=0 304 - - bytes - 14.931 ms
[12-Nov-2025 03:43:01 PM] 🟢 OPTIONS /service-providers/verify 204 - 0 bytes - 0.151 ms
[12-Nov-2025 03:43:01 PM] 🟡 GET /service-providers/verify 304 - - bytes - 16.797 ms
[12-Nov-2025 03:43:01 PM] 🟢 OPTIONS /service-providers/get-paymentinfo 204 - 0 bytes - 0.071 ms
[12-Nov-2025 03:43:01 PM] 🟢 GET /service-providers/ 201 - 2009 bytes - 12.461 ms
[12-Nov-2025 03:43:01 PM] 🟡 GET /service-providers/subscription-plans 304 - - bytes - 14.950 ms
[12-Nov-2025 03:43:01 PM] 🟡 GET /service-providers/get-paymentinfo 304 - - bytes - 9.312 ms
[12-Nov-2025 03:43:06 PM] 🟢 OPTIONS /service-providers/ai-assistance/providers/6912e29c0048a5bae03d4fc8/chats 204 - 0 bytes - 0.105 ms
[12-Nov-2025 03:43:06 PM] 🟡 GET /service-providers/ai-assistance/providers/6912e29c0048a5bae03d4fc8/chats 304 - - bytes - 3.886 ms
[12-Nov-2025 03:43:06 PM] 🟡 GET /service-providers/get-paymentinfo 304 - - bytes - 13.630 ms
[12-Nov-2025 03:43:24 PM] 🟢 OPTIONS /service-providers/ 204 - 0 bytes - 0.068 ms
[12-Nov-2025 03:43:24 PM] 🟢 OPTIONS /service-providers/subscription-plans 204 - 0 bytes - 0.098 ms
[12-Nov-2025 03:43:24 PM] 🟢 OPTIONS /service-providers/get-paymentinfo 204 - 0 bytes - 0.087 ms
[12-Nov-2025 03:43:24 PM] 🟢 GET /service-providers/ 201 - 2009 bytes - 7.975 ms
[12-Nov-2025 03:43:24 PM] 🟡 GET /service-providers/get-paymentinfo 304 - - bytes - 4.697 ms
[12-Nov-2025 03:43:24 PM] 🟡 GET /service-providers/subscription-plans 304 - - bytes - 12.468 ms
[12-Nov-2025 03:43:25 PM] 🟢 OPTIONS /coupons/featured?skip=0 204 - 0 bytes - 0.065 ms
[12-Nov-2025 03:43:25 PM] 🟢 OPTIONS /coupons/featured?skip=0 204 - 0 bytes - 0.302 ms
[12-Nov-2025 03:43:25 PM] 🟡 GET /banners/active 304 - - bytes - 24.418 ms
[12-Nov-2025 03:43:25 PM] 🟢 OPTIONS /profile 204 - 0 bytes - 0.114 ms
[12-Nov-2025 03:43:25 PM] 🟡 GET /getactive/services/?limit=3 304 - - bytes - 37.659 ms
[12-Nov-2025 03:43:25 PM] 🟡 GET /coupons/featured?skip=0 304 - - bytes - 30.719 ms
[12-Nov-2025 03:43:25 PM] 🟢 OPTIONS /notification 204 - 0 bytes - 0.175 ms
[12-Nov-2025 03:43:25 PM] 🟡 GET /profile 304 - - bytes - 15.308 ms
[12-Nov-2025 03:43:25 PM] 🟡 GET /coupons/featured?skip=0 304 - - bytes - 25.393 ms
[12-Nov-2025 03:43:25 PM] 🟡 GET /notification 304 - - bytes - 17.194 ms
[12-Nov-2025 03:43:27 PM] 🟢 OPTIONS /service-providers/verify 204 - 0 bytes - 0.077 ms
[12-Nov-2025 03:43:27 PM] 🟡 GET /service-providers/verify 304 - - bytes - 8.515 ms
[12-Nov-2025 03:43:27 PM] 🟢 GET /service-providers/ 201 - 2009 bytes - 17.648 ms
[12-Nov-2025 03:43:27 PM] 🟡 GET /service-providers/subscription-plans 304 - - bytes - 21.892 ms
[12-Nov-2025 03:43:27 PM] 🟡 GET /service-providers/get-paymentinfo 304 - - bytes - 24.649 ms
[12-Nov-2025 03:43:30 PM] 🟢 OPTIONS /payment/subscription/createOrder 204 - 0 bytes - 0.092 ms
[12-Nov-2025 03:43:30 PM] 🟢 POST /payment/subscription/createOrder 200 - 258 bytes - 219.428 ms
[12-Nov-2025 03:43:49 PM] 🟢 OPTIONS /payment/subscription/verify 204 - 0 bytes - 0.154 ms
[12-Nov-2025 03:43:50 PM] 🟢 POST /payment/subscription/verify 200 - 85 bytes - 28.385 ms
[12-Nov-2025 03:43:50 PM] 🟢 OPTIONS /service-providers/ 204 - 0 bytes - 0.066 ms
[12-Nov-2025 03:43:50 PM] 🟢 GET /service-providers/ 201 - 2247 bytes - 6.022 ms
[12-Nov-2025 03:43:55 PM] 🟢 OPTIONS /service-providers/ 204 - 0 bytes - 0.085 ms
[12-Nov-2025 03:43:55 PM] 🟢 OPTIONS /service-providers/subscription-plans 204 - 0 bytes - 0.119 ms
[12-Nov-2025 03:43:55 PM] 🟢 OPTIONS /service-providers/get-paymentinfo 204 - 0 bytes - 0.066 ms
[12-Nov-2025 03:43:55 PM] 🟢 GET /service-providers/ 201 - 2247 bytes - 8.509 ms
[12-Nov-2025 03:43:55 PM] 🟡 GET /service-providers/subscription-plans 304 - - bytes - 9.991 ms
[12-Nov-2025 03:43:55 PM] 🟡 GET /service-providers/get-paymentinfo 304 - - bytes - 6.151 ms
[12-Nov-2025 03:43:55 PM] 🟢 OPTIONS /coupons/featured?skip=0 204 - 0 bytes - 0.106 ms
[12-Nov-2025 03:43:55 PM] 🟢 OPTIONS /coupons/featured?skip=0 204 - 0 bytes - 0.111 ms
[12-Nov-2025 03:43:55 PM] 🟢 OPTIONS /profile 204 - 0 bytes - 0.117 ms
[12-Nov-2025 03:43:55 PM] 🟢 OPTIONS /notification 204 - 0 bytes - 0.107 ms
[12-Nov-2025 03:43:55 PM] 🟡 GET /banners/active 304 - - bytes - 15.973 ms
[12-Nov-2025 03:43:55 PM] 🟡 GET /notification 304 - - bytes - 17.520 ms
[12-Nov-2025 03:43:55 PM] 🟡 GET /profile 304 - - bytes - 22.248 ms
[12-Nov-2025 03:43:55 PM] 🟡 GET /coupons/featured?skip=0 304 - - bytes - 39.282 ms
[12-Nov-2025 03:43:55 PM] 🟡 GET /getactive/services/?limit=3 304 - - bytes - 43.377 ms
[12-Nov-2025 03:43:55 PM] 🟡 GET /coupons/featured?skip=0 304 - - bytes - 7.041 ms
[12-Nov-2025 03:43:57 PM] 🟢 OPTIONS /service-providers/verify 204 - 0 bytes - 0.115 ms
[12-Nov-2025 03:43:57 PM] 🟡 GET /service-providers/verify 304 - - bytes - 14.088 ms
[12-Nov-2025 03:43:57 PM] 🟢 GET /service-providers/ 201 - 2247 bytes - 13.529 ms
[12-Nov-2025 03:43:57 PM] 🟡 GET /service-providers/subscription-plans 304 - - bytes - 19.200 ms
[12-Nov-2025 03:43:57 PM] 🟡 GET /service-providers/get-paymentinfo 304 - - bytes - 18.216 ms
[12-Nov-2025 03:44:01 PM] 🟢 OPTIONS /service-providers/ai-assistance/providers/6912e29c0048a5bae03d4fc8/chats 204 - 0 bytes - 0.114 ms
[12-Nov-2025 03:44:01 PM] 🟡 GET /service-providers/ai-assistance/providers/6912e29c0048a5bae03d4fc8/chats 304 - - bytes - 3.029 ms
[12-Nov-2025 03:44:01 PM] 🟢 OPTIONS /service-providers/get-paymentinfo 204 - 0 bytes - 0.111 ms
[12-Nov-2025 03:44:01 PM] 🟡 GET /service-providers/get-paymentinfo 304 - - bytes - 5.118 ms
[12-Nov-2025 03:45:35 PM] 🟢 OPTIONS /service-providers/ 204 - 0 bytes - 0.098 ms
[12-Nov-2025 03:45:35 PM] 🟢 GET /service-providers/ 201 - 2247 bytes - 4.611 ms
[12-Nov-2025 03:45:35 PM] 🟢 OPTIONS /service-providers/subscription-plans 204 - 0 bytes - 0.146 ms
[12-Nov-2025 03:45:35 PM] 🟡 GET /service-providers/subscription-plans 304 - - bytes - 3.778 ms
[12-Nov-2025 03:45:36 PM] 🟢 OPTIONS /coupons/featured?skip=0 204 - 0 bytes - 0.379 ms
[12-Nov-2025 03:45:36 PM] 🟢 OPTIONS /coupons/featured?skip=0 204 - 0 bytes - 0.164 ms
[12-Nov-2025 03:45:36 PM] 🟢 OPTIONS /profile 204 - 0 bytes - 0.109 ms
[12-Nov-2025 03:45:36 PM] 🟢 OPTIONS /notification 204 - 0 bytes - 0.148 ms
[12-Nov-2025 03:45:36 PM] 🟡 GET /banners/active 304 - - bytes - 23.796 ms
[12-Nov-2025 03:45:36 PM] 🟡 GET /coupons/featured?skip=0 304 - - bytes - 27.165 ms
[12-Nov-2025 03:45:36 PM] 🟡 GET /getactive/services/?limit=3 304 - - bytes - 42.473 ms
[12-Nov-2025 03:45:36 PM] 🟡 GET /profile 304 - - bytes - 25.909 ms
[12-Nov-2025 03:45:36 PM] 🟡 GET /notification 304 - - bytes - 27.996 ms
[12-Nov-2025 03:45:36 PM] 🟡 GET /coupons/featured?skip=0 304 - - bytes - 9.804 ms
[12-Nov-2025 03:45:37 PM] 🟢 OPTIONS /service-providers/verify 204 - 0 bytes - 0.251 ms
[12-Nov-2025 03:45:37 PM] 🟡 GET /service-providers/verify 304 - - bytes - 11.731 ms
[12-Nov-2025 03:45:37 PM] 🟢 OPTIONS /service-providers/get-paymentinfo 204 - 0 bytes - 0.105 ms
[12-Nov-2025 03:45:37 PM] 🟢 GET /service-providers/ 201 - 2247 bytes - 18.816 ms
[12-Nov-2025 03:45:37 PM] 🟡 GET /service-providers/subscription-plans 304 - - bytes - 16.387 ms
[12-Nov-2025 03:45:37 PM] 🟡 GET /service-providers/get-paymentinfo 304 - - bytes - 5.688 ms
[12-Nov-2025 03:47:15 PM] 🟢 OPTIONS /service-providers/ 204 - 0 bytes - 0.085 ms
[12-Nov-2025 03:47:15 PM] 🟢 OPTIONS /service-providers/subscription-plans 204 - 0 bytes - 0.110 ms
[12-Nov-2025 03:47:15 PM] 🟢 GET /service-providers/ 201 - 2245 bytes - 10.818 ms
[12-Nov-2025 03:47:15 PM] 🟡 GET /service-providers/subscription-plans 304 - - bytes - 11.064 ms
[12-Nov-2025 03:47:15 PM] 🟢 OPTIONS /coupons/featured?skip=0 204 - 0 bytes - 0.095 ms
[12-Nov-2025 03:47:15 PM] 🟢 OPTIONS /coupons/featured?skip=0 204 - 0 bytes - 0.090 ms
[12-Nov-2025 03:47:15 PM] 🟢 OPTIONS /profile 204 - 0 bytes - 0.078 ms
[12-Nov-2025 03:47:15 PM] 🟢 OPTIONS /notification 204 - 0 bytes - 0.126 ms
[12-Nov-2025 03:47:15 PM] 🟡 GET /banners/active 304 - - bytes - 20.463 ms
[12-Nov-2025 03:47:15 PM] 🟡 GET /getactive/services/?limit=3 304 - - bytes - 43.635 ms
[12-Nov-2025 03:47:15 PM] 🟡 GET /coupons/featured?skip=0 304 - - bytes - 40.348 ms
[12-Nov-2025 03:47:15 PM] 🟡 GET /profile 304 - - bytes - 42.243 ms
[12-Nov-2025 03:47:15 PM] 🟡 GET /notification 304 - - bytes - 32.769 ms
[12-Nov-2025 03:47:15 PM] 🟡 GET /coupons/featured?skip=0 304 - - bytes - 15.764 ms
[12-Nov-2025 03:47:17 PM] 🟡 GET /coupons/featured?skip=0 304 - - bytes - 5.464 ms
[12-Nov-2025 03:47:17 PM] 🟡 GET /coupons/featured?skip=0 304 - - bytes - 4.262 ms
[12-Nov-2025 03:47:17 PM] 🟢 OPTIONS /service-providers/verify 204 - 0 bytes - 0.147 ms
[12-Nov-2025 03:47:17 PM] 🟡 GET /service-providers/verify 304 - - bytes - 17.962 ms
[12-Nov-2025 03:47:17 PM] 🟢 OPTIONS /service-providers/get-paymentinfo 204 - 0 bytes - 0.182 ms
[12-Nov-2025 03:47:17 PM] 🟢 GET /service-providers/ 201 - 2245 bytes - 16.377 ms
[12-Nov-2025 03:47:17 PM] 🟡 GET /service-providers/get-paymentinfo 304 - - bytes - 8.098 ms
[12-Nov-2025 03:47:20 PM] 🟢 OPTIONS /service-providers/ai-assistance/providers/6912e29c0048a5bae03d4fc8/chats 204 - 0 bytes - 0.073 ms
[12-Nov-2025 03:47:20 PM] 🟡 GET /service-providers/ai-assistance/providers/6912e29c0048a5bae03d4fc8/chats 304 - - bytes - 2.741 ms
[12-Nov-2025 03:47:26 PM] 🟢 OPTIONS /service-providers/ 204 - 0 bytes - 0.174 ms
[12-Nov-2025 03:47:26 PM] 🟢 OPTIONS /service-providers/ai-assistance/providers/6912e29c0048a5bae03d4fc8/chats 204 - 0 bytes - 0.161 ms
[12-Nov-2025 03:47:26 PM] 🟢 OPTIONS /service-providers/ai-assistance/chats/691307f9b3de8fef3ba4aa67 204 - 0 bytes - 0.114 ms
[12-Nov-2025 03:47:26 PM] 🟢 GET /service-providers/ 201 - 2245 bytes - 12.460 ms
[12-Nov-2025 03:47:26 PM] 🟡 GET /service-providers/ai-assistance/providers/6912e29c0048a5bae03d4fc8/chats 304 - - bytes - 14.227 ms
[12-Nov-2025 03:47:26 PM] 🟡 GET /service-providers/ai-assistance/chats/691307f9b3de8fef3ba4aa67 304 - - bytes - 7.910 ms
[12-Nov-2025 03:47:27 PM] 🟢 OPTIONS /payment/service-provider/ 204 - 0 bytes - 0.097 ms
[12-Nov-2025 03:47:27 PM] 🟡 GET /payment/service-provider/ 304 - - bytes - 5.291 ms
[12-Nov-2025 03:47:28 PM] 🟢 OPTIONS /service/bookings/serviceprovider?page=0&limit=4 204 - 0 bytes - 0.110 ms
[12-Nov-2025 03:47:28 PM] 🟡 GET /service/bookings/serviceprovider?page=0&limit=4 304 - - bytes - 8.842 ms
[12-Nov-2025 03:47:29 PM] 🟢 OPTIONS /service/ 204 - 0 bytes - 0.175 ms
[12-Nov-2025 03:47:29 PM] 🟡 GET /service/ 304 - - bytes - 8.064 ms
[12-Nov-2025 03:47:30 PM] 🟢 OPTIONS /service-providers/get-paymentinfo 204 - 0 bytes - 0.148 ms
[12-Nov-2025 03:47:30 PM] 🟡 GET /service-providers/get-paymentinfo 304 - - bytes - 11.716 ms
[12-Nov-2025 03:47:47 PM] 🟢 OPTIONS /service/ 204 - 0 bytes - 0.068 ms
[12-Nov-2025 03:47:47 PM] 🟡 GET /service/ 304 - - bytes - 3.864 ms
[12-Nov-2025 03:47:49 PM] 🟢 OPTIONS /service-providers/get-paymentinfo 204 - 0 bytes - 0.106 ms
[12-Nov-2025 03:47:49 PM] 🟡 GET /service-providers/get-paymentinfo 304 - - bytes - 5.643 ms
[12-Nov-2025 03:47:50 PM] 🟢 OPTIONS /service-providers/ 204 - 0 bytes - 0.071 ms
[12-Nov-2025 03:47:50 PM] 🟢 OPTIONS /service-providers/subscription-plans 204 - 0 bytes - 0.065 ms
[12-Nov-2025 03:47:50 PM] 🟢 GET /service-providers/ 201 - 1772 bytes - 12.231 ms
[12-Nov-2025 03:47:50 PM] 🟡 GET /service-providers/get-paymentinfo 304 - - bytes - 7.494 ms
[12-Nov-2025 03:47:50 PM] 🟡 GET /service-providers/subscription-plans 304 - - bytes - 4.293 ms
[12-Nov-2025 03:47:50 PM] 🟢 OPTIONS /coupons/featured?skip=0 204 - 0 bytes - 0.169 ms
[12-Nov-2025 03:47:51 PM] 🟢 OPTIONS /coupons/featured?skip=0 204 - 0 bytes - 0.099 ms
[12-Nov-2025 03:47:51 PM] 🟡 GET /getactive/services/?limit=3 304 - - bytes - 22.460 ms
[12-Nov-2025 03:47:51 PM] 🟡 GET /banners/active 304 - - bytes - 22.734 ms
[12-Nov-2025 03:47:51 PM] 🟢 OPTIONS /profile 204 - 0 bytes - 0.113 ms
[12-Nov-2025 03:47:51 PM] 🟡 GET /coupons/featured?skip=0 304 - - bytes - 29.402 ms
[12-Nov-2025 03:47:51 PM] 🟢 OPTIONS /notification 204 - 0 bytes - 0.111 ms
[12-Nov-2025 03:47:51 PM] 🟡 GET /coupons/featured?skip=0 304 - - bytes - 22.500 ms
[12-Nov-2025 03:47:51 PM] 🟡 GET /profile 304 - - bytes - 23.842 ms
[12-Nov-2025 03:47:51 PM] 🟡 GET /notification 304 - - bytes - 20.473 ms
[12-Nov-2025 03:47:52 PM] 🟢 OPTIONS /service-providers/verify 204 - 0 bytes - 0.138 ms
[12-Nov-2025 03:47:52 PM] 🟡 GET /service-providers/verify 304 - - bytes - 18.138 ms
[12-Nov-2025 03:47:52 PM] 🟢 GET /service-providers/ 201 - 1772 bytes - 11.306 ms
[12-Nov-2025 03:47:52 PM] 🟡 GET /service-providers/subscription-plans 304 - - bytes - 11.299 ms
[12-Nov-2025 03:47:52 PM] 🟡 GET /service-providers/get-paymentinfo 304 - - bytes - 11.272 ms
[12-Nov-2025 03:47:56 PM] 🟢 OPTIONS /chat/chats 204 - 0 bytes - 0.071 ms
[12-Nov-2025 03:47:56 PM] 🟢 POST /chat/chats 200 - 2 bytes - 2.333 ms
[12-Nov-2025 03:47:57 PM] 🟢 OPTIONS /service-providers/ai-assistance/providers/6912e29c0048a5bae03d4fc8/chats 204 - 0 bytes - 0.115 ms
[12-Nov-2025 03:47:57 PM] 🟡 GET /service-providers/ai-assistance/providers/6912e29c0048a5bae03d4fc8/chats 304 - - bytes - 4.626 ms
[12-Nov-2025 03:47:57 PM] 🟢 POST /chat/chats 200 - 2 bytes - 4.960 ms
[12-Nov-2025 03:48:07 PM] 🟢 OPTIONS /service-providers/ 204 - 0 bytes - 0.112 ms
[12-Nov-2025 03:48:07 PM] 🟢 OPTIONS /service-providers/subscription-plans 204 - 0 bytes - 0.104 ms
[12-Nov-2025 03:48:07 PM] 🟢 OPTIONS /chat/chats 204 - 0 bytes - 0.086 ms
[12-Nov-2025 03:48:07 PM] 🟢 GET /service-providers/ 201 - 1772 bytes - 8.651 ms
[12-Nov-2025 03:48:07 PM] 🟢 POST /chat/chats 200 - 2 bytes - 6.936 ms
[12-Nov-2025 03:48:07 PM] 🟡 GET /service-providers/subscription-plans 304 - - bytes - 5.266 ms
[12-Nov-2025 03:48:08 PM] 🟢 OPTIONS /payment/service-provider/ 204 - 0 bytes - 0.126 ms
[12-Nov-2025 03:48:08 PM] 🟡 GET /payment/service-provider/ 304 - - bytes - 8.419 ms
[12-Nov-2025 03:48:09 PM] 🟢 OPTIONS /service-providers/ai-assistance/providers/6912e29c0048a5bae03d4fc8/chats 204 - 0 bytes - 0.064 ms
[12-Nov-2025 03:48:09 PM] 🟡 GET /service-providers/ai-assistance/providers/6912e29c0048a5bae03d4fc8/chats 304 - - bytes - 2.692 ms
[12-Nov-2025 03:48:09 PM] 🟡 GET /payment/service-provider/ 304 - - bytes - 7.596 ms
[12-Nov-2025 03:48:13 PM] 🟡 GET /service-providers/ai-assistance/providers/6912e29c0048a5bae03d4fc8/chats 304 - - bytes - 2.228 ms
[12-Nov-2025 03:48:13 PM] 🟢 OPTIONS /payment/service-provider/ 204 - 0 bytes - 0.095 ms
[12-Nov-2025 03:48:13 PM] 🟡 GET /payment/service-provider/ 304 - - bytes - 10.086 ms
[12-Nov-2025 03:48:15 PM] 🟢 OPTIONS /payment/subscription/createOrder 204 - 0 bytes - 0.073 ms
[12-Nov-2025 03:48:15 PM] 🟢 POST /payment/subscription/createOrder 200 - 258 bytes - 293.483 ms
[12-Nov-2025 03:48:37 PM] 🟢 OPTIONS /payment/subscription/verify 204 - 0 bytes - 0.061 ms
[12-Nov-2025 03:48:37 PM] 🟢 POST /payment/subscription/verify 200 - 85 bytes - 12.573 ms
[12-Nov-2025 03:48:37 PM] 🟢 OPTIONS /service-providers/ 204 - 0 bytes - 0.106 ms
[12-Nov-2025 03:48:37 PM] 🟢 GET /service-providers/ 201 - 2009 bytes - 5.778 ms
[12-Nov-2025 04:00:30 PM] 🟢 OPTIONS /chat/chats 204 - 0 bytes - 0.086 ms
[12-Nov-2025 04:00:30 PM] 🟢 POST /chat/chats 200 - 2 bytes - 2.687 ms
[12-Nov-2025 04:00:31 PM] 🟢 OPTIONS /service-providers/ai-assistance/providers/6912e29c0048a5bae03d4fc8/chats 204 - 0 bytes - 0.078 ms
[12-Nov-2025 04:00:31 PM] 🟡 GET /service-providers/ai-assistance/providers/6912e29c0048a5bae03d4fc8/chats 304 - - bytes - 2.674 ms
[12-Nov-2025 04:00:31 PM] 🟢 POST /chat/chats 200 - 2 bytes - 6.898 ms
[12-Nov-2025 04:00:34 PM] 🟢 OPTIONS /service-providers/ 204 - 0 bytes - 0.091 ms
[12-Nov-2025 04:00:34 PM] 🟢 POST /chat/chats 200 - 2 bytes - 4.007 ms
[12-Nov-2025 04:00:34 PM] 🟢 OPTIONS /service-providers/subscription-plans 204 - 0 bytes - 0.083 ms
[12-Nov-2025 04:00:34 PM] 🔴 GET /service-providers/ 401 - 52 bytes - 1.732 ms
[12-Nov-2025 04:00:34 PM] 🟡 GET /service-providers/subscription-plans 304 - - bytes - 2.708 ms
[12-Nov-2025 04:00:34 PM] 🟢 OPTIONS /refresh-token 204 - 0 bytes - 0.095 ms
[12-Nov-2025 04:00:34 PM] 🟢 POST /refresh-token 200 - 194 bytes - 4.984 ms
[12-Nov-2025 04:00:34 PM] 🟢 GET /service-providers/ 201 - 1772 bytes - 7.732 ms
[12-Nov-2025 04:00:35 PM] 🟢 OPTIONS /payment/service-provider/ 204 - 0 bytes - 0.111 ms
[12-Nov-2025 04:00:35 PM] 🟡 GET /payment/service-provider/ 304 - - bytes - 8.478 ms
[12-Nov-2025 04:00:36 PM] 🟢 OPTIONS /service-providers/ai-assistance/providers/6912e29c0048a5bae03d4fc8/chats 204 - 0 bytes - 0.096 ms
[12-Nov-2025 04:00:36 PM] 🟡 GET /service-providers/ai-assistance/providers/6912e29c0048a5bae03d4fc8/chats 304 - - bytes - 8.292 ms
[12-Nov-2025 04:00:36 PM] 🟡 GET /payment/service-provider/ 304 - - bytes - 4.836 ms
[12-Nov-2025 04:01:53 PM] 🟢 OPTIONS /payment/subscription/createOrder 204 - 0 bytes - 0.816 ms
[12-Nov-2025 04:01:54 PM] 🟢 POST /payment/subscription/createOrder 200 - 258 bytes - 1256.905 ms
[12-Nov-2025 04:03:16 PM] 🟢 OPTIONS /service-providers/ 204 - 0 bytes - 0.828 ms
[12-Nov-2025 04:03:16 PM] 🟢 OPTIONS /service-providers/subscription-plans 204 - 0 bytes - 0.174 ms
[12-Nov-2025 04:03:16 PM] 🟢 OPTIONS /coupons/featured?skip=0 204 - 0 bytes - 0.180 ms
[12-Nov-2025 04:03:16 PM] 🟢 OPTIONS /coupons/featured?skip=0 204 - 0 bytes - 0.160 ms
[12-Nov-2025 04:03:16 PM] 🟢 OPTIONS /profile 204 - 0 bytes - 0.279 ms
[12-Nov-2025 04:03:16 PM] 🟢 OPTIONS /notification 204 - 0 bytes - 0.413 ms
[12-Nov-2025 04:03:18 PM] 🟢 OPTIONS /service-providers/verify 204 - 0 bytes - 0.249 ms
[12-Nov-2025 04:03:18 PM] 🟡 GET /service-providers/verify 304 - - bytes - 64.814 ms
[12-Nov-2025 04:03:18 PM] 🟢 OPTIONS /service-providers/get-paymentinfo 204 - 0 bytes - 0.159 ms
[12-Nov-2025 04:03:18 PM] 🟢 GET /service-providers/ 201 - 1772 bytes - 22.105 ms
[12-Nov-2025 04:03:18 PM] 🟡 GET /service-providers/subscription-plans 304 - - bytes - 10.801 ms
[12-Nov-2025 04:03:18 PM] 🟡 GET /service-providers/get-paymentinfo 304 - - bytes - 12.536 ms
[12-Nov-2025 04:03:26 PM] 🟢 OPTIONS /service-providers/ai-assistance/providers/6912e29c0048a5bae03d4fc8/chats 204 - 0 bytes - 0.133 ms
[12-Nov-2025 04:03:26 PM] 🟢 OPTIONS /service-providers/get-paymentinfo 204 - 0 bytes - 0.726 ms
[12-Nov-2025 04:03:26 PM] 🟡 GET /service-providers/ai-assistance/providers/6912e29c0048a5bae03d4fc8/chats 304 - - bytes - 14.595 ms
[12-Nov-2025 04:03:26 PM] 🟡 GET /service-providers/get-paymentinfo 304 - - bytes - 14.958 ms
[12-Nov-2025 04:03:28 PM] 🟢 OPTIONS /payment/subscription/createOrder 204 - 0 bytes - 0.199 ms
[12-Nov-2025 04:03:28 PM] 🟢 POST /payment/subscription/createOrder 200 - 258 bytes - 286.640 ms
[12-Nov-2025 04:03:47 PM] 🟢 OPTIONS /payment/subscription/verify 204 - 0 bytes - 0.191 ms
[12-Nov-2025 04:03:47 PM] 🟢 POST /payment/subscription/verify 200 - 85 bytes - 52.095 ms
[12-Nov-2025 04:03:47 PM] 🟢 OPTIONS /service-providers/ 204 - 0 bytes - 0.111 ms
[12-Nov-2025 04:03:47 PM] 🟢 GET /service-providers/ 201 - 2007 bytes - 9.068 ms
[12-Nov-2025 04:03:54 PM] 🟢 OPTIONS /service-providers/ai-assistance/providers/6912e29c0048a5bae03d4fc8/chats 204 - 0 bytes - 0.084 ms
[12-Nov-2025 04:03:54 PM] 🟡 GET /service-providers/ai-assistance/providers/6912e29c0048a5bae03d4fc8/chats 304 - - bytes - 2.922 ms
[12-Nov-2025 04:03:56 PM] 🟢 OPTIONS /service-providers/ 204 - 0 bytes - 0.127 ms
[12-Nov-2025 04:03:56 PM] 🟢 OPTIONS /service-providers/subscription-plans 204 - 0 bytes - 0.123 ms
[12-Nov-2025 04:03:56 PM] 🟢 GET /service-providers/ 201 - 2007 bytes - 13.661 ms
[12-Nov-2025 04:03:56 PM] 🟡 GET /service-providers/subscription-plans 304 - - bytes - 6.760 ms
[12-Nov-2025 04:03:56 PM] 🟢 OPTIONS /coupons/featured?skip=0 204 - 0 bytes - 0.134 ms
[12-Nov-2025 04:03:56 PM] 🟢 OPTIONS /coupons/featured?skip=0 204 - 0 bytes - 0.106 ms
[12-Nov-2025 04:03:56 PM] 🟡 GET /getactive/services/?limit=3 304 - - bytes - 36.787 ms
[12-Nov-2025 04:03:56 PM] 🟢 OPTIONS /profile 204 - 0 bytes - 0.100 ms
[12-Nov-2025 04:03:56 PM] 🟡 GET /coupons/featured?skip=0 304 - - bytes - 17.654 ms
[12-Nov-2025 04:03:56 PM] 🟢 OPTIONS /notification 204 - 0 bytes - 0.098 ms
[12-Nov-2025 04:03:56 PM] 🟡 GET /banners/active 304 - - bytes - 30.489 ms
[12-Nov-2025 04:03:56 PM] 🟡 GET /profile 304 - - bytes - 43.903 ms
[12-Nov-2025 04:03:56 PM] 🟡 GET /coupons/featured?skip=0 304 - - bytes - 41.424 ms
[12-Nov-2025 04:03:56 PM] 🟡 GET /notification 304 - - bytes - 16.050 ms
[12-Nov-2025 04:03:56 PM] 🟢 OPTIONS /service-providers/get-paymentinfo 204 - 0 bytes - 0.127 ms
[12-Nov-2025 04:03:56 PM] 🟢 GET /service-providers/ 201 - 2007 bytes - 11.840 ms
[12-Nov-2025 04:03:56 PM] 🟡 GET /service-providers/get-paymentinfo 304 - - bytes - 7.100 ms
[12-Nov-2025 04:03:56 PM] 🟡 GET /banners/active 304 - - bytes - 30.818 ms
[12-Nov-2025 04:03:56 PM] 🟡 GET /coupons/featured?skip=0 304 - - bytes - 50.221 ms
[12-Nov-2025 04:03:56 PM] 🟡 GET /getactive/services/?limit=3 304 - - bytes - 60.875 ms
[12-Nov-2025 04:03:56 PM] 🟡 GET /notification 304 - - bytes - 55.035 ms
[12-Nov-2025 04:03:56 PM] 🟡 GET /coupons/featured?skip=0 304 - - bytes - 15.253 ms
[12-Nov-2025 04:03:58 PM] 🟢 OPTIONS /service-providers/verify 204 - 0 bytes - 0.172 ms
[12-Nov-2025 04:03:58 PM] 🟡 GET /service-providers/verify 304 - - bytes - 17.816 ms
[12-Nov-2025 04:03:58 PM] 🟢 GET /service-providers/ 201 - 2007 bytes - 12.434 ms
[12-Nov-2025 04:03:58 PM] 🟡 GET /service-providers/get-paymentinfo 304 - - bytes - 13.228 ms
[12-Nov-2025 04:04:40 PM] 🟢 OPTIONS /service-providers/get-paymentinfo 204 - 0 bytes - 0.070 ms
[12-Nov-2025 04:04:40 PM] 🟡 GET /service-providers/get-paymentinfo 304 - - bytes - 5.869 ms
[12-Nov-2025 04:04:42 PM] 🟢 OPTIONS /service-providers/ai-assistance/providers/6912e29c0048a5bae03d4fc8/chats 204 - 0 bytes - 0.167 ms
[12-Nov-2025 04:04:42 PM] 🟡 GET /service-providers/ai-assistance/providers/6912e29c0048a5bae03d4fc8/chats 304 - - bytes - 4.447 ms
[12-Nov-2025 04:04:44 PM] 🟡 GET /service-providers/get-paymentinfo 304 - - bytes - 5.851 ms
[12-Nov-2025 04:04:49 PM] 🟢 OPTIONS /service-providers/ai-assistance/providers/6912e29c0048a5bae03d4fc8/chats 204 - 0 bytes - 0.232 ms
[12-Nov-2025 04:04:49 PM] 🟡 GET /service-providers/ai-assistance/providers/6912e29c0048a5bae03d4fc8/chats 304 - - bytes - 3.999 ms
[12-Nov-2025 04:04:53 PM] 🟢 OPTIONS /coupons/featured?skip=0 204 - 0 bytes - 0.106 ms
[12-Nov-2025 04:04:53 PM] 🟡 GET /banners/active 304 - - bytes - 19.548 ms
[12-Nov-2025 04:04:53 PM] 🟢 OPTIONS /coupons/featured?skip=0 204 - 0 bytes - 0.108 ms
[12-Nov-2025 04:04:53 PM] 🟡 GET /getactive/services/?limit=3 304 - - bytes - 26.476 ms
[12-Nov-2025 04:04:53 PM] 🟢 OPTIONS /notification 204 - 0 bytes - 0.128 ms
[12-Nov-2025 04:04:53 PM] 🟡 GET /coupons/featured?skip=0 304 - - bytes - 11.977 ms
[12-Nov-2025 04:04:53 PM] 🟡 GET /notification 304 - - bytes - 11.067 ms
[12-Nov-2025 04:04:53 PM] 🟡 GET /coupons/featured?skip=0 304 - - bytes - 8.876 ms
[12-Nov-2025 04:04:54 PM] 🟢 OPTIONS /service-providers/verify 204 - 0 bytes - 0.120 ms
[12-Nov-2025 04:04:54 PM] 🟡 GET /service-providers/verify 304 - - bytes - 12.938 ms
[12-Nov-2025 04:04:54 PM] 🟢 OPTIONS /service-providers/ 204 - 0 bytes - 0.142 ms
[12-Nov-2025 04:04:54 PM] 🟢 OPTIONS /service-providers/get-paymentinfo 204 - 0 bytes - 0.947 ms
[12-Nov-2025 04:04:54 PM] 🟢 GET /service-providers/ 201 - 2007 bytes - 18.768 ms
[12-Nov-2025 04:04:54 PM] 🟡 GET /service-providers/get-paymentinfo 304 - - bytes - 16.027 ms
[12-Nov-2025 04:04:55 PM] 🟢 OPTIONS /service-providers/ai-assistance/providers/6912e29c0048a5bae03d4fc8/chats 204 - 0 bytes - 0.143 ms
[12-Nov-2025 04:04:55 PM] 🟡 GET /service-providers/ai-assistance/providers/6912e29c0048a5bae03d4fc8/chats 304 - - bytes - 3.167 ms
[12-Nov-2025 04:05:01 PM] 🟢 OPTIONS /chat/chats 204 - 0 bytes - 0.096 ms
[12-Nov-2025 04:05:01 PM] 🟢 POST /chat/chats 200 - 2 bytes - 5.071 ms
[12-Nov-2025 04:05:02 PM] 🟢 OPTIONS /service-providers/ai-assistance/providers/6912e29c0048a5bae03d4fc8/chats 204 - 0 bytes - 0.133 ms
[12-Nov-2025 04:05:02 PM] 🟡 GET /service-providers/ai-assistance/providers/6912e29c0048a5bae03d4fc8/chats 304 - - bytes - 3.669 ms
[12-Nov-2025 04:05:03 PM] 🟢 POST /chat/chats 200 - 2 bytes - 3.079 ms
[12-Nov-2025 04:05:05 PM] 🟢 OPTIONS /service-providers/ 204 - 0 bytes - 0.125 ms
[12-Nov-2025 04:05:05 PM] 🟢 GET /service-providers/ 201 - 2007 bytes - 7.538 ms
[12-Nov-2025 04:05:05 PM] 🟢 POST /chat/chats 200 - 2 bytes - 3.986 ms
[12-Nov-2025 04:05:06 PM] 🟡 GET /service-providers/ai-assistance/providers/6912e29c0048a5bae03d4fc8/chats 304 - - bytes - 4.208 ms
[12-Nov-2025 04:05:30 PM] 🟢 OPTIONS /service-providers/ai-assistance/chats/ 204 - 0 bytes - 0.126 ms
[12-Nov-2025 04:05:42 PM] 🟢 POST /service-providers/ai-assistance/chats/ 200 - 3742 bytes - 12562.505 ms
[12-Nov-2025 04:06:30 PM] 🟢 OPTIONS /service-providers/ai-assistance/chats/ 204 - 0 bytes - 0.111 ms
[12-Nov-2025 04:06:42 PM] 🟢 POST /service-providers/ai-assistance/chats/ 200 - 3531 bytes - 11946.488 ms
[12-Nov-2025 04:07:28 PM] 🟢 OPTIONS /service-providers/ai-assistance/chats/ 204 - 0 bytes - 0.091 ms
[12-Nov-2025 04:07:47 PM] 🟢 POST /service-providers/ai-assistance/chats/ 200 - 8105 bytes - 19354.803 ms
[12-Nov-2025 04:08:21 PM] 🟢 OPTIONS /service/ 204 - 0 bytes - 0.178 ms
[12-Nov-2025 04:08:21 PM] 🟡 GET /service/ 304 - - bytes - 20.901 ms
[12-Nov-2025 04:08:22 PM] 🟢 OPTIONS /service/bookings/serviceprovider?page=0&limit=4 204 - 0 bytes - 0.085 ms
[12-Nov-2025 04:08:22 PM] 🟡 GET /service/bookings/serviceprovider?page=0&limit=4 304 - - bytes - 11.334 ms
[12-Nov-2025 04:08:22 PM] 🟢 OPTIONS /payment/service-provider/ 204 - 0 bytes - 0.156 ms
[12-Nov-2025 04:08:22 PM] 🟡 GET /payment/service-provider/ 304 - - bytes - 7.816 ms
[12-Nov-2025 04:08:27 PM] 🟢 OPTIONS /service-providers/ 204 - 0 bytes - 0.161 ms
[12-Nov-2025 04:08:27 PM] 🟢 OPTIONS /payment/service-provider/ 204 - 0 bytes - 0.141 ms
[12-Nov-2025 04:08:27 PM] 🟢 GET /service-providers/ 201 - 2007 bytes - 10.960 ms
[12-Nov-2025 04:08:27 PM] 🟡 GET /payment/service-provider/ 304 - - bytes - 12.660 ms
[12-Nov-2025 04:09:49 PM] 🟢 OPTIONS /service-providers/ 204 - 0 bytes - 0.109 ms
[12-Nov-2025 04:09:49 PM] 🟢 OPTIONS /service-providers/subscription-plans 204 - 0 bytes - 0.100 ms
[12-Nov-2025 04:09:49 PM] 🟢 OPTIONS /payment/service-provider/ 204 - 0 bytes - 0.118 ms
[12-Nov-2025 04:09:49 PM] 🟢 GET /service-providers/ 201 - 2007 bytes - 6.374 ms
[12-Nov-2025 04:09:49 PM] 🟡 GET /service-providers/subscription-plans 304 - - bytes - 10.096 ms
[12-Nov-2025 04:09:49 PM] 🟡 GET /payment/service-provider/ 304 - - bytes - 9.322 ms
[12-Nov-2025 04:09:49 PM] 🟢 OPTIONS /coupons/featured?skip=0 204 - 0 bytes - 0.232 ms
[12-Nov-2025 04:09:49 PM] 🟢 OPTIONS /coupons/featured?skip=0 204 - 0 bytes - 1.057 ms
[12-Nov-2025 04:09:49 PM] 🟢 OPTIONS /profile 204 - 0 bytes - 0.136 ms
[12-Nov-2025 04:09:49 PM] 🟢 OPTIONS /notification 204 - 0 bytes - 0.099 ms
[12-Nov-2025 04:09:49 PM] 🟡 GET /getactive/services/?limit=3 304 - - bytes - 21.241 ms
[12-Nov-2025 04:09:49 PM] 🟡 GET /coupons/featured?skip=0 304 - - bytes - 24.419 ms
[12-Nov-2025 04:09:49 PM] 🟡 GET /banners/active 304 - - bytes - 30.598 ms
[12-Nov-2025 04:09:49 PM] 🟡 GET /profile 304 - - bytes - 42.218 ms
[12-Nov-2025 04:09:50 PM] 🟡 GET /notification 304 - - bytes - 48.179 ms
[12-Nov-2025 04:09:50 PM] 🟡 GET /coupons/featured?skip=0 304 - - bytes - 11.423 ms
[12-Nov-2025 04:09:50 PM] 🟢 OPTIONS /service-providers/verify 204 - 0 bytes - 0.182 ms
[12-Nov-2025 04:09:50 PM] 🟡 GET /service-providers/verify 304 - - bytes - 11.592 ms
[12-Nov-2025 04:09:50 PM] 🟢 OPTIONS /service-providers/get-paymentinfo 204 - 0 bytes - 0.184 ms
[12-Nov-2025 04:09:50 PM] 🟢 GET /service-providers/ 201 - 2007 bytes - 26.966 ms
[12-Nov-2025 04:09:50 PM] 🟡 GET /service-providers/get-paymentinfo 304 - - bytes - 17.992 ms
[12-Nov-2025 04:10:14 PM] 🟢 OPTIONS /service-providers/ 204 - 0 bytes - 0.076 ms
[12-Nov-2025 04:10:14 PM] 🟢 OPTIONS /service-providers/subscription-plans 204 - 0 bytes - 0.114 ms
[12-Nov-2025 04:10:14 PM] 🟢 OPTIONS /service-providers/get-paymentinfo 204 - 0 bytes - 0.103 ms
[12-Nov-2025 04:10:14 PM] 🟢 GET /service-providers/ 201 - 2007 bytes - 11.757 ms
[12-Nov-2025 04:10:14 PM] 🟡 GET /service-providers/subscription-plans 304 - - bytes - 23.391 ms
[12-Nov-2025 04:10:14 PM] 🟡 GET /service-providers/get-paymentinfo 304 - - bytes - 11.436 ms
[12-Nov-2025 04:10:14 PM] 🟢 OPTIONS /coupons/featured?skip=0 204 - 0 bytes - 0.138 ms
[12-Nov-2025 04:10:14 PM] 🟡 GET /banners/active 304 - - bytes - 23.335 ms
[12-Nov-2025 04:10:14 PM] 🟡 GET /getactive/services/?limit=3 304 - - bytes - 29.340 ms
[12-Nov-2025 04:10:14 PM] 🟢 OPTIONS /coupons/featured?skip=0 204 - 0 bytes - 0.103 ms
[12-Nov-2025 04:10:14 PM] 🟢 OPTIONS /profile 204 - 0 bytes - 0.140 ms
[12-Nov-2025 04:10:14 PM] 🟡 GET /coupons/featured?skip=0 304 - - bytes - 13.300 ms
[12-Nov-2025 04:10:14 PM] 🟢 OPTIONS /notification 204 - 0 bytes - 0.368 ms
[12-Nov-2025 04:10:14 PM] 🟡 GET /profile 304 - - bytes - 22.079 ms
[12-Nov-2025 04:10:14 PM] 🟡 GET /coupons/featured?skip=0 304 - - bytes - 28.040 ms
[12-Nov-2025 04:10:14 PM] 🟡 GET /notification 304 - - bytes - 28.391 ms
[12-Nov-2025 04:10:16 PM] 🟢 OPTIONS /service-providers/verify 204 - 0 bytes - 0.284 ms
[12-Nov-2025 04:10:16 PM] 🟡 GET /service-providers/verify 304 - - bytes - 16.443 ms
[12-Nov-2025 04:10:16 PM] 🟢 GET /service-providers/ 201 - 2007 bytes - 18.963 ms
[12-Nov-2025 04:10:16 PM] 🟡 GET /service-providers/get-paymentinfo 304 - - bytes - 21.680 ms
[12-Nov-2025 04:10:21 PM] 🟢 OPTIONS /coupons/featured?skip=0 204 - 0 bytes - 0.112 ms
[12-Nov-2025 04:10:21 PM] 🟢 OPTIONS /coupons/featured?skip=0 204 - 0 bytes - 0.077 ms
[12-Nov-2025 04:10:21 PM] 🟢 OPTIONS /notification 204 - 0 bytes - 0.129 ms
[12-Nov-2025 04:10:21 PM] 🟡 GET /banners/active 304 - - bytes - 19.739 ms
[12-Nov-2025 04:10:21 PM] 🟡 GET /getactive/services/?limit=3 304 - - bytes - 44.691 ms
[12-Nov-2025 04:10:21 PM] 🟡 GET /notification 304 - - bytes - 23.304 ms
[12-Nov-2025 04:10:21 PM] 🟡 GET /coupons/featured?skip=0 304 - - bytes - 45.252 ms
[12-Nov-2025 04:10:21 PM] 🟡 GET /coupons/featured?skip=0 304 - - bytes - 9.279 ms
[12-Nov-2025 04:10:22 PM] 🟢 OPTIONS /service-providers/verify 204 - 0 bytes - 0.110 ms
[12-Nov-2025 04:10:22 PM] 🟡 GET /service-providers/verify 304 - - bytes - 10.222 ms
[12-Nov-2025 04:10:22 PM] 🟢 OPTIONS /service-providers/ 204 - 0 bytes - 0.192 ms
[12-Nov-2025 04:10:22 PM] 🟢 OPTIONS /service-providers/get-paymentinfo 204 - 0 bytes - 0.117 ms
[12-Nov-2025 04:10:22 PM] 🟢 GET /service-providers/ 201 - 2007 bytes - 18.286 ms
[12-Nov-2025 04:10:22 PM] 🟡 GET /service-providers/get-paymentinfo 304 - - bytes - 19.107 ms
[12-Nov-2025 04:10:38 PM] 🟢 OPTIONS /service-providers/subscription-plans 204 - 0 bytes - 0.109 ms
[12-Nov-2025 04:10:38 PM] 🟡 GET /service-providers/subscription-plans 304 - - bytes - 3.083 ms
[12-Nov-2025 04:10:39 PM] 🟢 OPTIONS /coupons/featured?skip=0 204 - 0 bytes - 0.073 ms
[12-Nov-2025 04:10:39 PM] 🟢 OPTIONS /coupons/featured?skip=0 204 - 0 bytes - 0.117 ms
[12-Nov-2025 04:10:39 PM] 🟢 OPTIONS /notification 204 - 0 bytes - 0.141 ms
[12-Nov-2025 04:10:39 PM] 🟡 GET /getactive/services/?limit=3 304 - - bytes - 12.143 ms
[12-Nov-2025 04:10:39 PM] 🟡 GET /coupons/featured?skip=0 304 - - bytes - 15.789 ms
[12-Nov-2025 04:10:39 PM] 🟡 GET /banners/active 304 - - bytes - 13.478 ms
[12-Nov-2025 04:10:39 PM] 🟡 GET /coupons/featured?skip=0 304 - - bytes - 14.266 ms
[12-Nov-2025 04:10:39 PM] 🟡 GET /notification 304 - - bytes - 15.093 ms
[12-Nov-2025 04:10:40 PM] 🟢 OPTIONS /service-providers/verify 204 - 0 bytes - 0.120 ms
[12-Nov-2025 04:10:40 PM] 🟡 GET /service-providers/verify 304 - - bytes - 9.203 ms
[12-Nov-2025 04:10:40 PM] 🟢 OPTIONS /service-providers/ 204 - 0 bytes - 0.196 ms
[12-Nov-2025 04:10:40 PM] 🟢 OPTIONS /service-providers/get-paymentinfo 204 - 0 bytes - 0.094 ms
[12-Nov-2025 04:10:40 PM] 🟡 GET /service-providers/subscription-plans 304 - - bytes - 20.488 ms
[12-Nov-2025 04:10:40 PM] 🟢 GET /service-providers/ 201 - 2007 bytes - 13.556 ms
[12-Nov-2025 04:10:40 PM] 🟡 GET /service-providers/get-paymentinfo 304 - - bytes - 10.373 ms
[12-Nov-2025 04:11:23 PM] 🟢 OPTIONS /service-providers/subscription-plans 204 - 0 bytes - 0.074 ms
[12-Nov-2025 04:11:23 PM] 🟡 GET /service-providers/subscription-plans 304 - - bytes - 2.702 ms
[12-Nov-2025 04:11:25 PM] 🟢 OPTIONS /payment/subscription/createOrder 204 - 0 bytes - 0.081 ms
[12-Nov-2025 04:11:25 PM] 🟢 POST /payment/subscription/createOrder 200 - 258 bytes - 263.791 ms
[12-Nov-2025 04:11:52 PM] 🟢 OPTIONS /payment/subscription/verify 204 - 0 bytes - 0.180 ms
[12-Nov-2025 04:11:52 PM] 🟢 POST /payment/subscription/verify 200 - 137 bytes - 29.794 ms
[12-Nov-2025 04:11:52 PM] 🟢 OPTIONS /service-providers/ 204 - 0 bytes - 0.083 ms
[12-Nov-2025 04:11:52 PM] 🟢 GET /service-providers/ 201 - 2244 bytes - 5.497 ms
[12-Nov-2025 04:12:13 PM] 🟢 OPTIONS /service-providers/subscription-plans 204 - 0 bytes - 0.102 ms
[12-Nov-2025 04:12:13 PM] 🟡 GET /service-providers/subscription-plans 304 - - bytes - 5.405 ms
[12-Nov-2025 04:47:44 PM] 🟢 OPTIONS /service-providers/ 204 - 0 bytes - 0.124 ms
[12-Nov-2025 04:47:44 PM] 🟢 OPTIONS /coupons/featured?skip=0 204 - 0 bytes - 0.111 ms
[12-Nov-2025 04:47:44 PM] 🟢 OPTIONS /coupons/featured?skip=0 204 - 0 bytes - 0.108 ms
[12-Nov-2025 04:47:44 PM] 🟢 OPTIONS /service-providers/subscription-plans 204 - 0 bytes - 0.108 ms
[12-Nov-2025 04:47:44 PM] 🟢 OPTIONS /profile 204 - 0 bytes - 0.100 ms
[12-Nov-2025 04:47:44 PM] 🟢 OPTIONS /notification 204 - 0 bytes - 0.099 ms
[12-Nov-2025 04:47:44 PM] 🟡 GET /getactive/services/?limit=3 304 - - bytes - 21.647 ms
[12-Nov-2025 04:47:44 PM] 🟡 GET /banners/active 304 - - bytes - 11.160 ms
[12-Nov-2025 04:47:44 PM] 🔴 GET /service-providers/ 401 - 52 bytes - 1.411 ms
[12-Nov-2025 04:47:44 PM] 🔴 GET /profile 401 - 52 bytes - 1.203 ms
[12-Nov-2025 04:47:44 PM] 🔴 GET /notification 401 - 52 bytes - 1.360 ms
[12-Nov-2025 04:47:44 PM] 🟡 GET /coupons/featured?skip=0 304 - - bytes - 11.005 ms
[12-Nov-2025 04:47:44 PM] 🟡 GET /service-providers/subscription-plans 304 - - bytes - 5.197 ms
[12-Nov-2025 04:47:45 PM] 🟢 OPTIONS /refresh-token 204 - 0 bytes - 0.106 ms
[12-Nov-2025 04:47:45 PM] 🟡 GET /coupons/featured?skip=0 304 - - bytes - 11.654 ms
[12-Nov-2025 04:47:45 PM] 🟢 POST /refresh-token 200 - 194 bytes - 6.893 ms
[12-Nov-2025 04:47:45 PM] 🟢 OPTIONS /refresh-token 204 - 0 bytes - 0.114 ms
[12-Nov-2025 04:47:45 PM] 🟢 POST /refresh-token 200 - 194 bytes - 5.290 ms
[12-Nov-2025 04:47:45 PM] 🟢 GET /service-providers/ 201 - 2244 bytes - 7.747 ms
[12-Nov-2025 04:47:45 PM] 🟢 OPTIONS /coupons/featured?skip=0 204 - 0 bytes - 0.106 ms
[12-Nov-2025 04:47:45 PM] 🟢 OPTIONS /coupons/featured?skip=0 204 - 0 bytes - 0.107 ms
[12-Nov-2025 04:47:45 PM] 🟢 OPTIONS /profile 204 - 0 bytes - 0.136 ms
[12-Nov-2025 04:47:45 PM] 🟢 OPTIONS /notification 204 - 0 bytes - 0.113 ms
[12-Nov-2025 04:47:45 PM] 🟡 GET /banners/active 304 - - bytes - 21.809 ms
[12-Nov-2025 04:47:45 PM] 🟡 GET /coupons/featured?skip=0 304 - - bytes - 36.228 ms
[12-Nov-2025 04:47:45 PM] 🟡 GET /profile 304 - - bytes - 34.460 ms
[12-Nov-2025 04:47:45 PM] 🟡 GET /getactive/services/?limit=3 304 - - bytes - 53.498 ms
[12-Nov-2025 04:47:45 PM] 🟢 POST /refresh-token 200 - 194 bytes - 6.073 ms
[12-Nov-2025 04:47:45 PM] 🟡 GET /notification 304 - - bytes - 22.546 ms
[12-Nov-2025 04:47:45 PM] 🟡 GET /coupons/featured?skip=0 304 - - bytes - 7.529 ms
[12-Nov-2025 04:47:45 PM] 🟡 GET /profile 304 - - bytes - 8.188 ms
[12-Nov-2025 04:47:45 PM] 🟡 GET /notification 304 - - bytes - 7.368 ms
[12-Nov-2025 04:47:45 PM] 🟡 GET /banners/active 304 - - bytes - 13.069 ms
[12-Nov-2025 04:47:45 PM] 🟡 GET /getactive/services/?limit=3 304 - - bytes - 24.874 ms
[12-Nov-2025 04:47:45 PM] 🟡 GET /profile 304 - - bytes - 11.683 ms
[12-Nov-2025 04:47:45 PM] 🟡 GET /coupons/featured?skip=0 304 - - bytes - 21.108 ms
[12-Nov-2025 04:47:45 PM] 🟡 GET /notification 304 - - bytes - 12.464 ms
[12-Nov-2025 04:47:45 PM] 🟡 GET /coupons/featured?skip=0 304 - - bytes - 5.497 ms
[12-Nov-2025 04:56:07 PM] 🟢 OPTIONS /coupons/featured?skip=0 204 - 0 bytes - 0.756 ms
[12-Nov-2025 04:56:07 PM] 🟢 OPTIONS /coupons/featured?skip=0 204 - 0 bytes - 0.198 ms
[12-Nov-2025 04:56:07 PM] 🟡 GET /coupons/featured?skip=0 304 - - bytes - 32.330 ms
[12-Nov-2025 04:56:07 PM] 🟡 GET /coupons/featured?skip=0 304 - - bytes - 11.582 ms
[12-Nov-2025 04:56:10 PM] 🟡 GET /getactive/services/?limit=3 304 - - bytes - 29.192 ms
[12-Nov-2025 04:56:10 PM] 🟡 GET /coupons/featured?skip=0 304 - - bytes - 11.937 ms
[12-Nov-2025 04:56:10 PM] 🟡 GET /coupons/featured?skip=0 304 - - bytes - 11.596 ms
[12-Nov-2025 04:56:11 PM] 🟡 GET /coupons/featured?skip=0 304 - - bytes - 12.908 ms
[12-Nov-2025 04:56:11 PM] 🟡 GET /coupons/featured?skip=0 304 - - bytes - 8.501 ms
[12-Nov-2025 04:56:15 PM] 🟡 GET /banners/active 304 - - bytes - 30.458 ms
[12-Nov-2025 04:56:15 PM] 🟢 OPTIONS /coupons/featured?skip=0 204 - 0 bytes - 0.181 ms
[12-Nov-2025 04:56:15 PM] 🟡 GET /getactive/services/?limit=3 304 - - bytes - 41.712 ms
[12-Nov-2025 04:56:15 PM] 🟢 OPTIONS /coupons/featured?skip=0 204 - 0 bytes - 0.217 ms
[12-Nov-2025 04:56:15 PM] 🟢 OPTIONS /profile 204 - 0 bytes - 0.164 ms
[12-Nov-2025 04:56:15 PM] 🟢 OPTIONS /notification 204 - 0 bytes - 0.153 ms
[12-Nov-2025 04:56:15 PM] 🟡 GET /coupons/featured?skip=0 304 - - bytes - 18.986 ms
[12-Nov-2025 04:56:15 PM] 🟡 GET /profile 304 - - bytes - 42.381 ms
[12-Nov-2025 04:56:15 PM] 🟡 GET /notification 304 - - bytes - 33.933 ms
[12-Nov-2025 04:56:15 PM] 🟡 GET /coupons/featured?skip=0 304 - - bytes - 19.227 ms
[12-Nov-2025 04:56:16 PM] 🟢 OPTIONS /service-providers/verify 204 - 0 bytes - 0.119 ms
[12-Nov-2025 04:56:16 PM] 🟡 GET /service-providers/verify 304 - - bytes - 15.672 ms
[12-Nov-2025 04:56:16 PM] 🟢 OPTIONS /service-providers/ 204 - 0 bytes - 0.184 ms
[12-Nov-2025 04:56:16 PM] 🟢 OPTIONS /service-providers/subscription-plans 204 - 0 bytes - 4.367 ms
[12-Nov-2025 04:56:16 PM] 🟢 OPTIONS /service-providers/get-paymentinfo 204 - 0 bytes - 0.303 ms
[12-Nov-2025 04:56:16 PM] 🟢 GET /service-providers/ 201 - 2244 bytes - 29.391 ms
[12-Nov-2025 04:56:16 PM] 🟡 GET /service-providers/subscription-plans 304 - - bytes - 28.150 ms
[12-Nov-2025 04:56:16 PM] 🟡 GET /service-providers/get-paymentinfo 304 - - bytes - 26.032 ms
[12-Nov-2025 04:56:18 PM] 🟢 OPTIONS /payment/subscription/createOrder 204 - 0 bytes - 0.137 ms
[12-Nov-2025 04:56:19 PM] 🟢 POST /payment/subscription/createOrder 200 - 258 bytes - 899.920 ms
[12-Nov-2025 04:56:41 PM] 🟢 OPTIONS /payment/subscription/verify 204 - 0 bytes - 0.101 ms
[12-Nov-2025 04:56:41 PM] 🟢 POST /payment/subscription/verify 200 - 137 bytes - 33.170 ms
[12-Nov-2025 04:56:41 PM] 🟢 OPTIONS /service-providers/ 204 - 0 bytes - 0.165 ms
[12-Nov-2025 04:56:41 PM] 🟢 GET /service-providers/ 201 - 2481 bytes - 8.816 ms
[12-Nov-2025 05:51:38 PM] 🟢 OPTIONS /service-providers/ 204 - 0 bytes - 0.085 ms
[12-Nov-2025 05:51:38 PM] 🟢 OPTIONS /service-providers/subscription-plans 204 - 0 bytes - 0.089 ms
[12-Nov-2025 05:51:38 PM] 🟢 OPTIONS /service-providers/get-paymentinfo 204 - 0 bytes - 0.099 ms
[12-Nov-2025 05:51:38 PM] 🔴 GET /service-providers/ 401 - 52 bytes - 2.041 ms
[12-Nov-2025 05:51:38 PM] 🔴 GET /service-providers/get-paymentinfo 401 - 52 bytes - 1.574 ms
[12-Nov-2025 05:51:38 PM] 🟡 GET /service-providers/subscription-plans 304 - - bytes - 7.716 ms
[12-Nov-2025 05:51:38 PM] 🟢 OPTIONS /refresh-token 204 - 0 bytes - 0.140 ms
[12-Nov-2025 05:51:38 PM] 🟢 OPTIONS /refresh-token 204 - 0 bytes - 0.141 ms
[12-Nov-2025 05:51:38 PM] 🟢 POST /refresh-token 200 - 194 bytes - 13.888 ms
[12-Nov-2025 05:51:38 PM] 🟢 POST /refresh-token 200 - 194 bytes - 10.797 ms
[12-Nov-2025 05:51:38 PM] 🟢 OPTIONS /coupons/featured?skip=0 204 - 0 bytes - 0.134 ms
[12-Nov-2025 05:51:38 PM] 🟢 OPTIONS /coupons/featured?skip=0 204 - 0 bytes - 0.142 ms
[12-Nov-2025 05:51:38 PM] 🟢 OPTIONS /profile 204 - 0 bytes - 0.279 ms
[12-Nov-2025 05:51:38 PM] 🟢 OPTIONS /notification 204 - 0 bytes - 0.098 ms
[12-Nov-2025 05:51:38 PM] 🟢 GET /service-providers/ 201 - 2481 bytes - 30.127 ms
[12-Nov-2025 05:51:38 PM] 🟡 GET /banners/active 304 - - bytes - 31.673 ms
[12-Nov-2025 05:51:38 PM] 🟡 GET /service-providers/get-paymentinfo 304 - - bytes - 25.870 ms
[12-Nov-2025 05:51:38 PM] 🔴 GET /profile 401 - 52 bytes - 1.355 ms
[12-Nov-2025 05:51:38 PM] 🔴 GET /notification 401 - 52 bytes - 1.588 ms
[12-Nov-2025 05:51:38 PM] 🟡 GET /getactive/services/?limit=3 304 - - bytes - 60.993 ms
[12-Nov-2025 05:51:38 PM] 🟡 GET /coupons/featured?skip=0 304 - - bytes - 47.172 ms
[12-Nov-2025 05:51:38 PM] 🟢 POST /refresh-token 200 - 194 bytes - 13.269 ms
[12-Nov-2025 05:51:38 PM] 🟡 GET /coupons/featured?skip=0 304 - - bytes - 24.490 ms
[12-Nov-2025 05:51:38 PM] 🟢 POST /refresh-token 200 - 194 bytes - 9.321 ms
[12-Nov-2025 05:51:38 PM] 🟡 GET /profile 304 - - bytes - 9.565 ms
[12-Nov-2025 05:51:38 PM] 🟡 GET /notification 304 - - bytes - 17.334 ms
[12-Nov-2025 05:51:39 PM] 🟢 OPTIONS /service-providers/verify 204 - 0 bytes - 0.080 ms
[12-Nov-2025 05:51:40 PM] 🟡 GET /service-providers/verify 304 - - bytes - 9.297 ms
[12-Nov-2025 05:51:40 PM] 🟢 GET /service-providers/ 201 - 2481 bytes - 25.046 ms
[12-Nov-2025 05:51:40 PM] 🟡 GET /service-providers/subscription-plans 304 - - bytes - 20.101 ms
[12-Nov-2025 05:51:40 PM] 🟡 GET /service-providers/get-paymentinfo 304 - - bytes - 18.749 ms
[12-Nov-2025 05:51:45 PM] 🟢 OPTIONS /payment/subscription/createOrder 204 - 0 bytes - 0.187 ms
[12-Nov-2025 05:51:46 PM] 🟢 POST /payment/subscription/createOrder 200 - 258 bytes - 932.995 ms
[12-Nov-2025 05:52:05 PM] 🟢 OPTIONS /payment/subscription/verify 204 - 0 bytes - 0.072 ms
[12-Nov-2025 05:52:05 PM] 🟢 POST /payment/subscription/verify 200 - 137 bytes - 16.866 ms
[12-Nov-2025 05:52:05 PM] 🟢 OPTIONS /service-providers/ 204 - 0 bytes - 0.115 ms
[12-Nov-2025 05:52:05 PM] 🟢 GET /service-providers/ 201 - 2718 bytes - 7.035 ms
[12-Nov-2025 05:56:56 PM] 🟡 GET /banners/active 304 - - bytes - 47.750 ms
[12-Nov-2025 05:56:56 PM] 🟢 OPTIONS /coupons/featured?skip=0 204 - 0 bytes - 0.398 ms
[12-Nov-2025 05:56:56 PM] 🟡 GET /getactive/services/?limit=3 304 - - bytes - 80.223 ms
[12-Nov-2025 05:56:56 PM] 🟢 OPTIONS /coupons/featured?skip=0 204 - 0 bytes - 0.163 ms
[12-Nov-2025 05:56:56 PM] 🟢 OPTIONS /profile 204 - 0 bytes - 0.133 ms
[12-Nov-2025 05:56:56 PM] 🟢 OPTIONS /notification 204 - 0 bytes - 0.340 ms
[12-Nov-2025 05:56:56 PM] 🟡 GET /coupons/featured?skip=0 304 - - bytes - 35.096 ms
[12-Nov-2025 05:56:56 PM] 🟡 GET /profile 304 - - bytes - 45.797 ms
[12-Nov-2025 05:56:56 PM] 🟡 GET /notification 304 - - bytes - 39.543 ms
[12-Nov-2025 05:56:56 PM] 🟡 GET /coupons/featured?skip=0 304 - - bytes - 11.829 ms
[12-Nov-2025 05:56:57 PM] 🟢 OPTIONS /service-providers/verify 204 - 0 bytes - 0.191 ms
[12-Nov-2025 05:56:57 PM] 🟡 GET /service-providers/verify 304 - - bytes - 19.292 ms
[12-Nov-2025 05:56:57 PM] 🟢 OPTIONS /service-providers/ 204 - 0 bytes - 0.166 ms
[12-Nov-2025 05:56:57 PM] 🟢 OPTIONS /service-providers/subscription-plans 204 - 0 bytes - 0.102 ms
[12-Nov-2025 05:56:57 PM] 🟢 OPTIONS /service-providers/get-paymentinfo 204 - 0 bytes - 0.145 ms
[12-Nov-2025 05:56:57 PM] 🟢 GET /service-providers/ 201 - 2718 bytes - 39.601 ms
[12-Nov-2025 05:56:57 PM] 🟡 GET /service-providers/subscription-plans 304 - - bytes - 39.662 ms
[12-Nov-2025 05:56:57 PM] 🟡 GET /service-providers/get-paymentinfo 304 - - bytes - 44.903 ms
[12-Nov-2025 05:56:59 PM] 🟢 OPTIONS /payment/subscription/createOrder 204 - 0 bytes - 0.151 ms
[12-Nov-2025 05:56:59 PM] 🟢 POST /payment/subscription/createOrder 200 - 258 bytes - 268.078 ms
[12-Nov-2025 05:57:37 PM] 🟢 OPTIONS /payment/subscription/verify 204 - 0 bytes - 0.142 ms
[12-Nov-2025 05:57:37 PM] 🟢 POST /payment/subscription/verify 200 - 137 bytes - 38.569 ms
[12-Nov-2025 05:57:37 PM] 🟢 OPTIONS /service-providers/ 204 - 0 bytes - 0.176 ms
[12-Nov-2025 05:57:37 PM] 🟢 GET /service-providers/ 201 - 2956 bytes - 7.613 ms
[12-Nov-2025 06:01:14 PM] 🟢 OPTIONS /service-providers/ 204 - 0 bytes - 0.222 ms
[12-Nov-2025 06:01:14 PM] 🟢 OPTIONS /service-providers/subscription-plans 204 - 0 bytes - 0.157 ms
[12-Nov-2025 06:01:14 PM] 🟢 GET /service-providers/ 201 - 1772 bytes - 17.525 ms
[12-Nov-2025 06:01:14 PM] 🟡 GET /service-providers/subscription-plans 304 - - bytes - 13.040 ms
[12-Nov-2025 06:01:15 PM] 🟢 OPTIONS /coupons/featured?skip=0 204 - 0 bytes - 0.132 ms
[12-Nov-2025 06:01:15 PM] 🟡 GET /banners/active 304 - - bytes - 25.868 ms
[12-Nov-2025 06:01:15 PM] 🟢 OPTIONS /coupons/featured?skip=0 204 - 0 bytes - 0.155 ms
[12-Nov-2025 06:01:15 PM] 🟡 GET /getactive/services/?limit=3 304 - - bytes - 35.145 ms
[12-Nov-2025 06:01:15 PM] 🟢 OPTIONS /profile 204 - 0 bytes - 0.193 ms
[12-Nov-2025 06:01:15 PM] 🟢 OPTIONS /notification 204 - 0 bytes - 0.124 ms
[12-Nov-2025 06:01:15 PM] 🟡 GET /coupons/featured?skip=0 304 - - bytes - 13.346 ms
[12-Nov-2025 06:01:15 PM] 🟡 GET /coupons/featured?skip=0 304 - - bytes - 22.090 ms
[12-Nov-2025 06:01:15 PM] 🟡 GET /profile 304 - - bytes - 30.723 ms
[12-Nov-2025 06:01:15 PM] 🟡 GET /notification 304 - - bytes - 19.071 ms
[12-Nov-2025 06:01:16 PM] 🟢 OPTIONS /service-providers/verify 204 - 0 bytes - 0.128 ms
[12-Nov-2025 06:01:16 PM] 🟡 GET /service-providers/verify 304 - - bytes - 12.040 ms
[12-Nov-2025 06:01:16 PM] 🟢 GET /service-providers/ 201 - 1772 bytes - 20.323 ms
[12-Nov-2025 06:01:16 PM] 🟢 OPTIONS /service-providers/get-paymentinfo 204 - 0 bytes - 1.998 ms
[12-Nov-2025 06:01:16 PM] 🟡 GET /service-providers/subscription-plans 304 - - bytes - 22.501 ms
[12-Nov-2025 06:01:16 PM] 🟡 GET /service-providers/get-paymentinfo 304 - - bytes - 12.315 ms
[12-Nov-2025 06:01:19 PM] 🟢 OPTIONS /payment/subscription/createOrder 204 - 0 bytes - 0.128 ms
[12-Nov-2025 06:01:19 PM] 🟢 POST /payment/subscription/createOrder 200 - 258 bytes - 234.506 ms
[12-Nov-2025 06:01:39 PM] 🟢 OPTIONS /payment/subscription/verify 204 - 0 bytes - 0.076 ms
[12-Nov-2025 06:01:39 PM] 🟢 POST /payment/subscription/verify 200 - 85 bytes - 20.911 ms
[12-Nov-2025 06:01:39 PM] 🟢 OPTIONS /service-providers/ 204 - 0 bytes - 0.146 ms
[12-Nov-2025 06:01:39 PM] 🟢 GET /service-providers/ 201 - 2007 bytes - 8.299 ms
[12-Nov-2025 06:01:59 PM] 🟢 OPTIONS /service-providers/ 204 - 0 bytes - 0.239 ms
[12-Nov-2025 06:01:59 PM] 🟢 OPTIONS /service-providers/subscription-plans 204 - 0 bytes - 0.178 ms
[12-Nov-2025 06:01:59 PM] 🟢 GET /service-providers/ 201 - 2007 bytes - 16.483 ms
[12-Nov-2025 06:01:59 PM] 🟡 GET /service-providers/subscription-plans 304 - - bytes - 15.675 ms
[12-Nov-2025 06:01:59 PM] 🟢 OPTIONS /coupons/featured?skip=0 204 - 0 bytes - 0.206 ms
[12-Nov-2025 06:01:59 PM] 🟢 OPTIONS /coupons/featured?skip=0 204 - 0 bytes - 0.171 ms
[12-Nov-2025 06:01:59 PM] 🟢 OPTIONS /profile 204 - 0 bytes - 0.115 ms
[12-Nov-2025 06:01:59 PM] 🟡 GET /getactive/services/?limit=3 304 - - bytes - 32.417 ms
[12-Nov-2025 06:01:59 PM] 🟢 OPTIONS /notification 204 - 0 bytes - 0.156 ms
[12-Nov-2025 06:01:59 PM] 🟡 GET /coupons/featured?skip=0 304 - - bytes - 26.236 ms
[12-Nov-2025 06:01:59 PM] 🟡 GET /profile 304 - - bytes - 31.788 ms
[12-Nov-2025 06:01:59 PM] 🟡 GET /banners/active 304 - - bytes - 33.810 ms
[12-Nov-2025 06:01:59 PM] 🟡 GET /notification 304 - - bytes - 35.554 ms
[12-Nov-2025 06:01:59 PM] 🟡 GET /coupons/featured?skip=0 304 - - bytes - 16.136 ms
[12-Nov-2025 06:02:01 PM] 🟢 OPTIONS /service-providers/verify 204 - 0 bytes - 0.129 ms
[12-Nov-2025 06:02:01 PM] 🟡 GET /service-providers/verify 304 - - bytes - 13.726 ms
[12-Nov-2025 06:02:01 PM] 🟢 OPTIONS /service-providers/get-paymentinfo 204 - 0 bytes - 0.142 ms
[12-Nov-2025 06:02:01 PM] 🟢 GET /service-providers/ 201 - 2007 bytes - 17.327 ms
[12-Nov-2025 06:02:01 PM] 🟡 GET /service-providers/subscription-plans 304 - - bytes - 12.010 ms
[12-Nov-2025 06:02:01 PM] 🟡 GET /service-providers/get-paymentinfo 304 - - bytes - 6.764 ms
[12-Nov-2025 06:02:02 PM] 🟢 OPTIONS /payment/subscription/createOrder 204 - 0 bytes - 0.112 ms
[12-Nov-2025 06:02:02 PM] 🔴 POST /payment/subscription/createOrder 400 - 77 bytes - 35.216 ms
[12-Nov-2025 06:02:28 PM] 🟢 OPTIONS /payment/subscription/createOrder 204 - 0 bytes - 0.115 ms
[12-Nov-2025 06:02:28 PM] 🟢 POST /payment/subscription/createOrder 200 - 258 bytes - 218.054 ms
[12-Nov-2025 06:03:26 PM] 🟢 OPTIONS /payment/subscription/verify 204 - 0 bytes - 0.094 ms
[12-Nov-2025 06:03:26 PM] 🟢 POST /payment/subscription/verify 200 - 137 bytes - 19.493 ms
[12-Nov-2025 06:03:26 PM] 🟢 OPTIONS /service-providers/ 204 - 0 bytes - 0.118 ms
[12-Nov-2025 06:03:26 PM] 🟢 GET /service-providers/ 201 - 2245 bytes - 11.420 ms
[12-Nov-2025 06:10:48 PM] 🟢 OPTIONS /coupons/featured?skip=0 204 - 0 bytes - 0.702 ms
[12-Nov-2025 06:10:48 PM] 🟡 GET /banners/active 304 - - bytes - 65.464 ms
[12-Nov-2025 06:10:48 PM] 🟢 OPTIONS /coupons/featured?skip=0 204 - 0 bytes - 0.148 ms
[12-Nov-2025 06:10:48 PM] 🟡 GET /getactive/services/?limit=3 304 - - bytes - 89.620 ms
[12-Nov-2025 06:10:48 PM] 🟢 OPTIONS /notification 204 - 0 bytes - 0.340 ms
[12-Nov-2025 06:10:49 PM] 🔴 GET /notification 401 - 52 bytes - 5.667 ms
[12-Nov-2025 06:10:49 PM] 🟡 GET /coupons/featured?skip=0 304 - - bytes - 32.308 ms
[12-Nov-2025 06:10:49 PM] 🟡 GET /coupons/featured?skip=0 304 - - bytes - 8.630 ms
[12-Nov-2025 06:10:49 PM] 🟢 OPTIONS /refresh-token 204 - 0 bytes - 0.180 ms
[12-Nov-2025 06:10:49 PM] 🟢 POST /refresh-token 200 - 194 bytes - 22.080 ms
[12-Nov-2025 06:10:49 PM] 🟡 GET /notification 304 - - bytes - 9.946 ms
[12-Nov-2025 06:10:52 PM] 🟢 OPTIONS /profile 204 - 0 bytes - 0.242 ms
[12-Nov-2025 06:10:52 PM] 🟡 GET /banners/active 304 - - bytes - 42.946 ms
[12-Nov-2025 06:10:52 PM] 🟡 GET /getactive/services/?limit=3 304 - - bytes - 61.922 ms
[12-Nov-2025 06:10:52 PM] 🟡 GET /coupons/featured?skip=0 304 - - bytes - 52.315 ms
[12-Nov-2025 06:10:52 PM] 🟡 GET /notification 304 - - bytes - 60.764 ms
[12-Nov-2025 06:10:52 PM] 🟡 GET /profile 304 - - bytes - 24.001 ms
[12-Nov-2025 06:10:52 PM] 🟡 GET /coupons/featured?skip=0 304 - - bytes - 17.730 ms
[12-Nov-2025 06:10:55 PM] 🟢 OPTIONS /user/service/6912e9c30048a5bae03d527e 204 - 0 bytes - 0.180 ms
[12-Nov-2025 06:10:55 PM] 🟢 GET /user/service/6912e9c30048a5bae03d527e 200 - 3148 bytes - 22.388 ms
[12-Nov-2025 06:10:56 PM] 🟢 OPTIONS /service-providers/availability/6912e29c0048a5bae03d4fc8 204 - 0 bytes - 0.158 ms
[12-Nov-2025 06:10:56 PM] 🟡 GET /service-providers/availability/6912e29c0048a5bae03d4fc8 304 - - bytes - 7.850 ms
[12-Nov-2025 06:10:56 PM] 🟢 OPTIONS /coupons/featured?skip=0 204 - 0 bytes - 0.103 ms
[12-Nov-2025 06:10:56 PM] 🟢 OPTIONS /coupons/featured?skip=0 204 - 0 bytes - 0.213 ms
[12-Nov-2025 06:10:56 PM] 🟡 GET /coupons/featured?skip=0 304 - - bytes - 11.140 ms
[12-Nov-2025 06:10:56 PM] 🟡 GET /coupons/featured?skip=0 304 - - bytes - 7.711 ms
[12-Nov-2025 06:11:00 PM] 🟡 GET /banners/active 304 - - bytes - 26.358 ms
[12-Nov-2025 06:11:00 PM] 🟡 GET /getactive/services/?limit=3 304 - - bytes - 38.849 ms
[12-Nov-2025 06:11:02 PM] 🟢 OPTIONS /service-providers/verify 204 - 0 bytes - 0.190 ms
[12-Nov-2025 06:11:02 PM] 🟡 GET /service-providers/verify 304 - - bytes - 15.313 ms
[12-Nov-2025 06:11:02 PM] 🟢 OPTIONS /service-providers/ 204 - 0 bytes - 0.161 ms
[12-Nov-2025 06:11:02 PM] 🟢 OPTIONS /service-providers/subscription-plans 204 - 0 bytes - 0.136 ms
[12-Nov-2025 06:11:02 PM] 🟢 OPTIONS /service-providers/get-paymentinfo 204 - 0 bytes - 2.266 ms
[12-Nov-2025 06:11:02 PM] 🟢 GET /service-providers/ 201 - 2245 bytes - 18.167 ms
[12-Nov-2025 06:11:02 PM] 🟡 GET /service-providers/subscription-plans 304 - - bytes - 17.089 ms
[12-Nov-2025 06:11:02 PM] 🟡 GET /service-providers/get-paymentinfo 304 - - bytes - 20.750 ms
[12-Nov-2025 06:11:05 PM] 🟢 OPTIONS /payment/subscription/createOrder 204 - 0 bytes - 0.146 ms
[12-Nov-2025 06:11:05 PM] 🟢 POST /payment/subscription/createOrder 200 - 258 bytes - 275.942 ms
[12-Nov-2025 06:11:34 PM] 🟢 OPTIONS /payment/subscription/verify 204 - 0 bytes - 0.107 ms
[12-Nov-2025 06:11:34 PM] 🟢 POST /payment/subscription/verify 200 - 137 bytes - 40.813 ms
[12-Nov-2025 06:11:34 PM] 🟢 OPTIONS /service-providers/ 204 - 0 bytes - 0.106 ms
[12-Nov-2025 06:11:34 PM] 🟢 GET /service-providers/ 201 - 2483 bytes - 7.491 ms
[12-Nov-2025 06:14:33 PM] 🟢 OPTIONS /coupons/featured?skip=0 204 - 0 bytes - 1.000 ms
[12-Nov-2025 06:14:33 PM] 🟢 OPTIONS /coupons/featured?skip=0 204 - 0 bytes - 0.162 ms
[12-Nov-2025 06:14:33 PM] 🟢 OPTIONS /notification 204 - 0 bytes - 0.328 ms
[12-Nov-2025 06:14:33 PM] 🟡 GET /getactive/services/?limit=3 304 - - bytes - 51.086 ms
[12-Nov-2025 06:14:33 PM] 🟡 GET /banners/active 304 - - bytes - 41.675 ms
[12-Nov-2025 06:14:33 PM] 🟡 GET /coupons/featured?skip=0 304 - - bytes - 36.390 ms
[12-Nov-2025 06:14:33 PM] 🟡 GET /notification 304 - - bytes - 24.837 ms
[12-Nov-2025 06:14:33 PM] 🟡 GET /coupons/featured?skip=0 304 - - bytes - 25.274 ms
[12-Nov-2025 06:14:35 PM] 🟡 GET /coupons/featured?skip=0 304 - - bytes - 11.770 ms
[12-Nov-2025 06:14:35 PM] 🟡 GET /coupons/featured?skip=0 304 - - bytes - 8.715 ms
[12-Nov-2025 06:14:36 PM] 🟢 OPTIONS /service-providers/verify 204 - 0 bytes - 0.175 ms
[12-Nov-2025 06:14:36 PM] 🟡 GET /service-providers/verify 304 - - bytes - 19.917 ms
[12-Nov-2025 06:14:36 PM] 🟢 OPTIONS /service-providers/ 204 - 0 bytes - 0.156 ms
[12-Nov-2025 06:14:36 PM] 🟢 OPTIONS /service-providers/subscription-plans 204 - 0 bytes - 0.157 ms
[12-Nov-2025 06:14:36 PM] 🟢 OPTIONS /service-providers/get-paymentinfo 204 - 0 bytes - 0.162 ms
[12-Nov-2025 06:14:37 PM] 🟢 GET /service-providers/ 201 - 2483 bytes - 26.799 ms
[12-Nov-2025 06:14:37 PM] 🟡 GET /service-providers/subscription-plans 304 - - bytes - 28.074 ms
[12-Nov-2025 06:14:37 PM] 🟡 GET /service-providers/get-paymentinfo 304 - - bytes - 18.658 ms
[12-Nov-2025 06:14:42 PM] 🟢 OPTIONS /service-providers/ 204 - 0 bytes - 0.187 ms
[12-Nov-2025 06:14:42 PM] 🟢 OPTIONS /service-providers/subscription-plans 204 - 0 bytes - 0.267 ms
[12-Nov-2025 06:14:42 PM] 🟢 OPTIONS /service-providers/get-paymentinfo 204 - 0 bytes - 0.199 ms
[12-Nov-2025 06:14:42 PM] 🟢 GET /service-providers/ 201 - 2483 bytes - 21.196 ms
[12-Nov-2025 06:14:42 PM] 🟡 GET /service-providers/subscription-plans 304 - - bytes - 21.904 ms
[12-Nov-2025 06:14:42 PM] 🟡 GET /service-providers/get-paymentinfo 304 - - bytes - 24.147 ms
[12-Nov-2025 06:14:42 PM] 🟢 OPTIONS /coupons/featured?skip=0 204 - 0 bytes - 1.566 ms
[12-Nov-2025 06:14:42 PM] 🟡 GET /banners/active 304 - - bytes - 24.206 ms
[12-Nov-2025 06:14:42 PM] 🟢 OPTIONS /coupons/featured?skip=0 204 - 0 bytes - 0.105 ms
[12-Nov-2025 06:14:42 PM] 🟢 OPTIONS /profile 204 - 0 bytes - 0.091 ms
[12-Nov-2025 06:14:42 PM] 🟡 GET /getactive/services/?limit=3 304 - - bytes - 49.492 ms
[12-Nov-2025 06:14:42 PM] 🟢 OPTIONS /notification 204 - 0 bytes - 2.134 ms
[12-Nov-2025 06:14:42 PM] 🟡 GET /coupons/featured?skip=0 304 - - bytes - 16.718 ms
[12-Nov-2025 06:14:42 PM] 🟡 GET /profile 304 - - bytes - 20.565 ms
[12-Nov-2025 06:14:42 PM] 🟡 GET /notification 304 - - bytes - 22.596 ms
[12-Nov-2025 06:14:42 PM] 🟡 GET /coupons/featured?skip=0 304 - - bytes - 19.597 ms
[12-Nov-2025 06:14:44 PM] 🟢 OPTIONS /service-providers/verify 204 - 0 bytes - 0.149 ms
[12-Nov-2025 06:14:44 PM] 🟡 GET /service-providers/verify 304 - - bytes - 13.270 ms
[12-Nov-2025 06:14:44 PM] 🟢 GET /service-providers/ 201 - 2483 bytes - 24.786 ms
[12-Nov-2025 06:14:44 PM] 🟡 GET /service-providers/subscription-plans 304 - - bytes - 22.141 ms
[12-Nov-2025 06:14:44 PM] 🟡 GET /service-providers/get-paymentinfo 304 - - bytes - 23.619 ms
[12-Nov-2025 06:14:46 PM] 🟢 OPTIONS /payment/subscription/createOrder 204 - 0 bytes - 0.169 ms
[12-Nov-2025 06:14:46 PM] 🟢 POST /payment/subscription/createOrder 200 - 258 bytes - 299.571 ms
[12-Nov-2025 06:15:16 PM] 🟢 OPTIONS /payment/subscription/verify 204 - 0 bytes - 0.141 ms
[12-Nov-2025 06:15:16 PM] 🟢 POST /payment/subscription/verify 200 - 137 bytes - 32.534 ms
[12-Nov-2025 06:15:16 PM] 🟢 OPTIONS /service-providers/ 204 - 0 bytes - 0.110 ms
[12-Nov-2025 06:15:16 PM] 🟢 GET /service-providers/ 201 - 2721 bytes - 7.263 ms
[12-Nov-2025 06:18:34 PM] 🟢 OPTIONS /coupons/featured?skip=0 204 - 0 bytes - 0.749 ms
[12-Nov-2025 06:18:34 PM] 🟢 OPTIONS /coupons/featured?skip=0 204 - 0 bytes - 0.128 ms
[12-Nov-2025 06:18:34 PM] 🟢 OPTIONS /notification 204 - 0 bytes - 0.150 ms
[12-Nov-2025 06:18:34 PM] 🟡 GET /banners/active 304 - - bytes - 70.984 ms
[12-Nov-2025 06:18:34 PM] 🟡 GET /getactive/services/?limit=3 304 - - bytes - 125.818 ms
[12-Nov-2025 06:18:34 PM] 🟡 GET /coupons/featured?skip=0 304 - - bytes - 37.482 ms
[12-Nov-2025 06:18:34 PM] 🟡 GET /notification 304 - - bytes - 29.332 ms
[12-Nov-2025 06:18:34 PM] 🟡 GET /coupons/featured?skip=0 304 - - bytes - 13.500 ms
[12-Nov-2025 06:18:41 PM] 🟢 OPTIONS /service-providers/verify 204 - 0 bytes - 0.125 ms
[12-Nov-2025 06:18:41 PM] 🟡 GET /service-providers/verify 304 - - bytes - 30.200 ms
[12-Nov-2025 06:18:41 PM] 🟢 OPTIONS /service-providers/ 204 - 0 bytes - 0.167 ms
[12-Nov-2025 06:18:41 PM] 🟢 OPTIONS /service-providers/subscription-plans 204 - 0 bytes - 0.708 ms
[12-Nov-2025 06:18:41 PM] 🟢 OPTIONS /service-providers/get-paymentinfo 204 - 0 bytes - 0.177 ms
[12-Nov-2025 06:18:41 PM] 🟢 GET /service-providers/ 201 - 2721 bytes - 19.952 ms
[12-Nov-2025 06:18:41 PM] 🟡 GET /service-providers/subscription-plans 304 - - bytes - 11.288 ms
[12-Nov-2025 06:18:41 PM] 🟡 GET /service-providers/get-paymentinfo 304 - - bytes - 12.560 ms
[12-Nov-2025 06:18:46 PM] 🟢 GET /service-providers/ 201 - 2721 bytes - 30.117 ms
[12-Nov-2025 06:18:46 PM] 🟡 GET /service-providers/subscription-plans 304 - - bytes - 31.275 ms
[12-Nov-2025 06:18:46 PM] 🟡 GET /service-providers/get-paymentinfo 304 - - bytes - 33.551 ms
[12-Nov-2025 06:18:46 PM] 🟢 OPTIONS /coupons/featured?skip=0 204 - 0 bytes - 0.148 ms
[12-Nov-2025 06:18:46 PM] 🟡 GET /banners/active 304 - - bytes - 37.081 ms
[12-Nov-2025 06:18:46 PM] 🟢 OPTIONS /coupons/featured?skip=0 204 - 0 bytes - 0.207 ms
[12-Nov-2025 06:18:46 PM] 🟡 GET /getactive/services/?limit=3 304 - - bytes - 43.761 ms
[12-Nov-2025 06:18:46 PM] 🟢 OPTIONS /profile 204 - 0 bytes - 0.161 ms
[12-Nov-2025 06:18:46 PM] 🟢 OPTIONS /notification 204 - 0 bytes - 0.909 ms
[12-Nov-2025 06:18:46 PM] 🟡 GET /coupons/featured?skip=0 304 - - bytes - 20.616 ms
[12-Nov-2025 06:18:46 PM] 🟡 GET /profile 304 - - bytes - 10.664 ms
[12-Nov-2025 06:18:46 PM] 🟡 GET /coupons/featured?skip=0 304 - - bytes - 20.493 ms
[12-Nov-2025 06:18:46 PM] 🟡 GET /notification 304 - - bytes - 14.826 ms
[12-Nov-2025 06:18:48 PM] 🟢 OPTIONS /service-providers/verify 204 - 0 bytes - 0.157 ms
[12-Nov-2025 06:18:48 PM] 🟡 GET /service-providers/verify 304 - - bytes - 12.926 ms
[12-Nov-2025 06:18:48 PM] 🟢 OPTIONS /service-providers/ 204 - 0 bytes - 0.326 ms
[12-Nov-2025 06:18:48 PM] 🟢 OPTIONS /service-providers/subscription-plans 204 - 0 bytes - 0.120 ms
[12-Nov-2025 06:18:48 PM] 🟢 OPTIONS /service-providers/get-paymentinfo 204 - 0 bytes - 0.138 ms
[12-Nov-2025 06:18:48 PM] 🟢 GET /service-providers/ 201 - 2721 bytes - 28.339 ms
[12-Nov-2025 06:18:48 PM] 🟡 GET /service-providers/subscription-plans 304 - - bytes - 25.446 ms
[12-Nov-2025 06:18:48 PM] 🟡 GET /service-providers/get-paymentinfo 304 - - bytes - 26.230 ms
[12-Nov-2025 06:18:50 PM] 🟢 OPTIONS /payment/subscription/createOrder 204 - 0 bytes - 0.144 ms
[12-Nov-2025 06:18:50 PM] 🟢 POST /payment/subscription/createOrder 200 - 258 bytes - 256.715 ms
[12-Nov-2025 06:19:20 PM] 🟢 OPTIONS /payment/subscription/verify 204 - 0 bytes - 0.134 ms
[12-Nov-2025 06:19:20 PM] 🟢 POST /payment/subscription/verify 200 - 137 bytes - 38.560 ms
[12-Nov-2025 06:19:20 PM] 🟢 OPTIONS /service-providers/ 204 - 0 bytes - 0.116 ms
[12-Nov-2025 06:19:20 PM] 🟢 GET /service-providers/ 201 - 2959 bytes - 8.427 ms
[12-Nov-2025 07:11:39 PM] 🟢 OPTIONS /coupons/featured?skip=0 204 - 0 bytes - 1.122 ms
[12-Nov-2025 07:11:39 PM] 🟡 GET /banners/active 304 - - bytes - 63.261 ms
[12-Nov-2025 07:11:39 PM] 🟢 OPTIONS /coupons/featured?skip=0 204 - 0 bytes - 0.155 ms
[12-Nov-2025 07:11:39 PM] 🟡 GET /getactive/services/?limit=3 304 - - bytes - 78.621 ms
[12-Nov-2025 07:11:39 PM] 🟢 OPTIONS /profile 204 - 0 bytes - 0.272 ms
[12-Nov-2025 07:11:39 PM] 🟢 OPTIONS /notification 204 - 0 bytes - 0.362 ms
[12-Nov-2025 07:11:39 PM] 🔴 GET /profile 401 - 52 bytes - 6.441 ms
[12-Nov-2025 07:11:39 PM] 🟡 GET /coupons/featured?skip=0 304 - - bytes - 23.568 ms
[12-Nov-2025 07:11:39 PM] 🔴 GET /notification 401 - 52 bytes - 2.775 ms
[12-Nov-2025 07:11:39 PM] 🟡 GET /coupons/featured?skip=0 304 - - bytes - 15.328 ms
[12-Nov-2025 07:11:39 PM] 🟢 OPTIONS /refresh-token 204 - 0 bytes - 0.224 ms
[12-Nov-2025 07:11:40 PM] 🟢 POST /refresh-token 200 - 194 bytes - 28.845 ms
[12-Nov-2025 07:11:40 PM] 🟢 POST /refresh-token 200 - 194 bytes - 29.598 ms
[12-Nov-2025 07:11:40 PM] 🟡 GET /profile 304 - - bytes - 24.895 ms
[12-Nov-2025 07:11:40 PM] 🟡 GET /notification 304 - - bytes - 23.736 ms
[12-Nov-2025 07:11:40 PM] 🟢 OPTIONS /service-providers/verify 204 - 0 bytes - 0.491 ms
[12-Nov-2025 07:11:40 PM] 🟡 GET /service-providers/verify 304 - - bytes - 27.904 ms
[12-Nov-2025 07:11:41 PM] 🟢 OPTIONS /service-providers/ 204 - 0 bytes - 0.190 ms
[12-Nov-2025 07:11:41 PM] 🟢 OPTIONS /service-providers/subscription-plans 204 - 0 bytes - 0.187 ms
[12-Nov-2025 07:11:41 PM] 🟢 OPTIONS /service-providers/get-paymentinfo 204 - 0 bytes - 0.310 ms
[12-Nov-2025 07:11:41 PM] 🟢 GET /service-providers/ 201 - 2959 bytes - 46.160 ms
[12-Nov-2025 07:11:41 PM] 🟡 GET /service-providers/subscription-plans 304 - - bytes - 44.324 ms
[12-Nov-2025 07:11:41 PM] 🟡 GET /service-providers/get-paymentinfo 304 - - bytes - 35.854 ms
[12-Nov-2025 07:11:42 PM] 🟢 OPTIONS /payment/subscription/createOrder 204 - 0 bytes - 0.114 ms
[12-Nov-2025 07:11:43 PM] 🟢 POST /payment/subscription/createOrder 200 - 258 bytes - 992.072 ms
[12-Nov-2025 07:12:03 PM] 🟢 OPTIONS /payment/subscription/verify 204 - 0 bytes - 0.208 ms
[12-Nov-2025 07:12:03 PM] 🟢 POST /payment/subscription/verify 200 - 137 bytes - 48.875 ms
[12-Nov-2025 07:12:03 PM] 🟢 OPTIONS /service-providers/ 204 - 0 bytes - 0.125 ms
[12-Nov-2025 07:12:03 PM] 🟢 GET /service-providers/ 201 - 3197 bytes - 13.954 ms
[12-Nov-2025 07:16:55 PM] 🟢 OPTIONS /service-providers/ 204 - 0 bytes - 2.601 ms
[12-Nov-2025 07:16:55 PM] 🟢 PUT /service-providers/ 200 - 51 bytes - 56.106 ms
[12-Nov-2025 07:17:01 PM] 🟢 OPTIONS /service/bookings/serviceprovider?page=0&limit=4 204 - 0 bytes - 0.137 ms
[12-Nov-2025 07:17:01 PM] 🟡 GET /service/bookings/serviceprovider?page=0&limit=4 304 - - bytes - 18.649 ms
[12-Nov-2025 07:17:03 PM] 🟢 OPTIONS /coupons/featured?skip=0 204 - 0 bytes - 0.163 ms
[12-Nov-2025 07:17:03 PM] 🟡 GET /banners/active 304 - - bytes - 25.874 ms
[12-Nov-2025 07:17:03 PM] 🟢 OPTIONS /coupons/featured?skip=0 204 - 0 bytes - 0.135 ms
[12-Nov-2025 07:17:03 PM] 🟡 GET /getactive/services/?limit=3 304 - - bytes - 37.729 ms
[12-Nov-2025 07:17:03 PM] 🟢 OPTIONS /notification 204 - 0 bytes - 0.150 ms
[12-Nov-2025 07:17:03 PM] 🟡 GET /coupons/featured?skip=0 304 - - bytes - 18.890 ms
[12-Nov-2025 07:17:03 PM] 🟡 GET /notification 304 - - bytes - 13.465 ms
[12-Nov-2025 07:17:03 PM] 🟡 GET /coupons/featured?skip=0 304 - - bytes - 11.158 ms
[12-Nov-2025 07:17:04 PM] 🟢 OPTIONS /profile 204 - 0 bytes - 0.217 ms
[12-Nov-2025 07:17:04 PM] 🟡 GET /banners/active 304 - - bytes - 35.222 ms
[12-Nov-2025 07:17:04 PM] 🟡 GET /getactive/services/?limit=3 304 - - bytes - 51.702 ms
[12-Nov-2025 07:17:04 PM] 🟡 GET /notification 304 - - bytes - 58.737 ms
[12-Nov-2025 07:17:04 PM] 🟡 GET /coupons/featured?skip=0 304 - - bytes - 76.499 ms
[12-Nov-2025 07:17:04 PM] 🟡 GET /profile 304 - - bytes - 30.983 ms
[12-Nov-2025 07:17:05 PM] 🟡 GET /coupons/featured?skip=0 304 - - bytes - 10.326 ms
[12-Nov-2025 07:17:06 PM] 🟢 OPTIONS /service-providers/verify 204 - 0 bytes - 0.314 ms
[12-Nov-2025 07:17:06 PM] 🟡 GET /service-providers/verify 304 - - bytes - 26.513 ms
[12-Nov-2025 07:17:06 PM] 🟢 OPTIONS /service-providers/ 204 - 0 bytes - 0.185 ms
[12-Nov-2025 07:17:06 PM] 🟢 OPTIONS /service-providers/subscription-plans 204 - 0 bytes - 0.298 ms
[12-Nov-2025 07:17:06 PM] 🟢 OPTIONS /service-providers/get-paymentinfo 204 - 0 bytes - 0.199 ms
[12-Nov-2025 07:17:06 PM] 🟢 GET /service-providers/ 201 - 3197 bytes - 27.074 ms
[12-Nov-2025 07:17:06 PM] 🟡 GET /service-providers/subscription-plans 304 - - bytes - 23.149 ms
[12-Nov-2025 07:17:06 PM] 🟡 GET /service-providers/get-paymentinfo 304 - - bytes - 18.527 ms
[12-Nov-2025 07:17:08 PM] 🟢 OPTIONS /service-providers/ai-assistance/providers/6912e29c0048a5bae03d4fc8/chats 204 - 0 bytes - 0.255 ms
[12-Nov-2025 07:17:08 PM] 🟢 GET /service-providers/ai-assistance/providers/6912e29c0048a5bae03d4fc8/chats 200 - 15981 bytes - 14.010 ms
[12-Nov-2025 07:17:16 PM] 🟢 OPTIONS /chat/chats 204 - 0 bytes - 0.113 ms
[12-Nov-2025 07:17:16 PM] 🟢 POST /chat/chats 200 - 2 bytes - 5.797 ms
[12-Nov-2025 07:17:17 PM] 🟢 OPTIONS /service/bookings/serviceprovider?page=0&limit=4 204 - 0 bytes - 0.115 ms
[12-Nov-2025 07:17:17 PM] 🟡 GET /service/bookings/serviceprovider?page=0&limit=4 304 - - bytes - 8.427 ms
[12-Nov-2025 07:17:19 PM] 🟢 OPTIONS /service/ 204 - 0 bytes - 0.075 ms
[12-Nov-2025 07:17:19 PM] 🟡 GET /service/ 304 - - bytes - 28.566 ms
[12-Nov-2025 07:17:20 PM] 🟢 OPTIONS /payment/service-provider/ 204 - 0 bytes - 0.122 ms
[12-Nov-2025 07:17:20 PM] 🟡 GET /payment/service-provider/ 304 - - bytes - 13.958 ms
[12-Nov-2025 07:17:21 PM] 🟢 OPTIONS /service-providers/get-paymentinfo 204 - 0 bytes - 0.113 ms
[12-Nov-2025 07:17:21 PM] 🟡 GET /service-providers/get-paymentinfo 304 - - bytes - 4.270 ms
[12-Nov-2025 07:17:25 PM] 🟢 OPTIONS /service-providers/ 204 - 0 bytes - 0.168 ms
[12-Nov-2025 07:17:25 PM] 🟢 OPTIONS /service-providers/subscription-plans 204 - 0 bytes - 0.115 ms
[12-Nov-2025 07:17:25 PM] 🟢 GET /service-providers/ 201 - 3197 bytes - 11.314 ms
[12-Nov-2025 07:17:25 PM] 🟡 GET /service-providers/subscription-plans 304 - - bytes - 4.591 ms
[12-Nov-2025 07:17:25 PM] 🟡 GET /service-providers/get-paymentinfo 304 - - bytes - 20.356 ms
[12-Nov-2025 07:17:27 PM] 🟢 OPTIONS /service-providers/get-paymentinfo 204 - 0 bytes - 0.094 ms
[12-Nov-2025 07:17:27 PM] 🟢 GET /service-providers/ 201 - 3197 bytes - 11.965 ms
[12-Nov-2025 07:17:27 PM] 🟡 GET /service-providers/get-paymentinfo 304 - - bytes - 12.266 ms
[12-Nov-2025 07:17:27 PM] 🟡 GET /service-providers/subscription-plans 304 - - bytes - 30.004 ms
[12-Nov-2025 07:17:28 PM] 🟢 OPTIONS /chat/chats 204 - 0 bytes - 0.240 ms
[12-Nov-2025 07:17:28 PM] 🟢 POST /chat/chats 200 - 2 bytes - 8.307 ms
[12-Nov-2025 07:17:29 PM] 🟢 OPTIONS /service-providers/ai-assistance/providers/6912e29c0048a5bae03d4fc8/chats 204 - 0 bytes - 0.117 ms
[12-Nov-2025 07:17:29 PM] 🟡 GET /service-providers/ai-assistance/providers/6912e29c0048a5bae03d4fc8/chats 304 - - bytes - 3.957 ms
[12-Nov-2025 07:17:32 PM] 🟢 OPTIONS /payment/service-provider/ 204 - 0 bytes - 0.119 ms
[12-Nov-2025 07:17:32 PM] 🟡 GET /payment/service-provider/ 304 - - bytes - 4.922 ms
[12-Nov-2025 07:17:33 PM] 🟢 OPTIONS /service/bookings/serviceprovider?page=0&limit=4 204 - 0 bytes - 0.085 ms
[12-Nov-2025 07:17:33 PM] 🟡 GET /service/bookings/serviceprovider?page=0&limit=4 304 - - bytes - 6.693 ms
[12-Nov-2025 07:17:34 PM] 🟢 OPTIONS /service/ 204 - 0 bytes - 0.125 ms
[12-Nov-2025 07:17:34 PM] 🟡 GET /service/ 304 - - bytes - 4.673 ms
[12-Nov-2025 07:17:35 PM] 🟢 OPTIONS /service-providers/get-paymentinfo 204 - 0 bytes - 0.161 ms
[12-Nov-2025 07:17:35 PM] 🟡 GET /service-providers/get-paymentinfo 304 - - bytes - 7.204 ms
[12-Nov-2025 07:17:42 PM] 🟢 OPTIONS /coupons/featured?skip=0 204 - 0 bytes - 0.078 ms
[12-Nov-2025 07:17:42 PM] 🟢 OPTIONS /coupons/featured?skip=0 204 - 0 bytes - 0.141 ms
[12-Nov-2025 07:17:42 PM] 🟢 OPTIONS /notification 204 - 0 bytes - 0.107 ms
[12-Nov-2025 07:17:42 PM] 🟡 GET /banners/active 304 - - bytes - 14.827 ms
[12-Nov-2025 07:17:42 PM] 🟡 GET /getactive/services/?limit=3 304 - - bytes - 29.907 ms
[12-Nov-2025 07:17:42 PM] 🟡 GET /coupons/featured?skip=0 304 - - bytes - 11.724 ms
[12-Nov-2025 07:17:42 PM] 🟡 GET /notification 304 - - bytes - 14.549 ms
[12-Nov-2025 07:17:42 PM] 🟡 GET /coupons/featured?skip=0 304 - - bytes - 12.146 ms
[12-Nov-2025 07:17:43 PM] 🟢 OPTIONS /service-providers/verify 204 - 0 bytes - 0.093 ms
[12-Nov-2025 07:17:43 PM] 🟡 GET /service-providers/verify 304 - - bytes - 17.706 ms
[12-Nov-2025 07:17:43 PM] 🟢 OPTIONS /service-providers/ 204 - 0 bytes - 0.125 ms
[12-Nov-2025 07:17:43 PM] 🟢 OPTIONS /service-providers/subscription-plans 204 - 0 bytes - 0.128 ms
[12-Nov-2025 07:17:43 PM] 🟢 OPTIONS /service-providers/get-paymentinfo 204 - 0 bytes - 0.136 ms
[12-Nov-2025 07:17:43 PM] 🟢 GET /service-providers/ 201 - 3197 bytes - 9.782 ms
[12-Nov-2025 07:17:43 PM] 🟡 GET /service-providers/subscription-plans 304 - - bytes - 9.549 ms
[12-Nov-2025 07:17:43 PM] 🟡 GET /service-providers/get-paymentinfo 304 - - bytes - 8.197 ms
[12-Nov-2025 07:17:47 PM] 🟢 GET /service-providers/ 201 - 3197 bytes - 13.258 ms
[12-Nov-2025 07:17:47 PM] 🟡 GET /service-providers/subscription-plans 304 - - bytes - 19.920 ms
[12-Nov-2025 07:17:47 PM] 🟡 GET /service-providers/get-paymentinfo 304 - - bytes - 23.426 ms
[12-Nov-2025 07:17:47 PM] 🟢 OPTIONS /coupons/featured?skip=0 204 - 0 bytes - 0.084 ms
[12-Nov-2025 07:17:47 PM] 🟢 OPTIONS /coupons/featured?skip=0 204 - 0 bytes - 0.239 ms
[12-Nov-2025 07:17:47 PM] 🟡 GET /getactive/services/?limit=3 304 - - bytes - 25.050 ms
[12-Nov-2025 07:17:47 PM] 🟢 OPTIONS /profile 204 - 0 bytes - 0.112 ms
[12-Nov-2025 07:17:47 PM] 🟡 GET /banners/active 304 - - bytes - 20.561 ms
[12-Nov-2025 07:17:47 PM] 🟢 OPTIONS /notification 204 - 0 bytes - 0.124 ms
[12-Nov-2025 07:17:47 PM] 🟡 GET /coupons/featured?skip=0 304 - - bytes - 21.742 ms
[12-Nov-2025 07:17:47 PM] 🟡 GET /profile 304 - - bytes - 23.460 ms
[12-Nov-2025 07:17:47 PM] 🟡 GET /notification 304 - - bytes - 17.757 ms
[12-Nov-2025 07:17:47 PM] 🟡 GET /coupons/featured?skip=0 304 - - bytes - 17.422 ms
[12-Nov-2025 07:17:48 PM] 🟢 OPTIONS /service-providers/verify 204 - 0 bytes - 0.190 ms
[12-Nov-2025 07:17:48 PM] 🟡 GET /service-providers/verify 304 - - bytes - 30.305 ms
[12-Nov-2025 07:17:48 PM] 🟢 OPTIONS /service-providers/ 204 - 0 bytes - 0.122 ms
[12-Nov-2025 07:17:48 PM] 🟢 OPTIONS /service-providers/subscription-plans 204 - 0 bytes - 0.146 ms
[12-Nov-2025 07:17:48 PM] 🟢 OPTIONS /service-providers/get-paymentinfo 204 - 0 bytes - 0.212 ms
[12-Nov-2025 07:17:48 PM] 🟢 GET /service-providers/ 201 - 3197 bytes - 19.034 ms
[12-Nov-2025 07:17:48 PM] 🟡 GET /service-providers/subscription-plans 304 - - bytes - 19.569 ms
[12-Nov-2025 07:17:48 PM] 🟡 GET /service-providers/get-paymentinfo 304 - - bytes - 20.782 ms
[12-Nov-2025 07:17:50 PM] 🟢 OPTIONS /payment/subscription/createOrder 204 - 0 bytes - 0.081 ms
[12-Nov-2025 07:17:50 PM] 🟢 POST /payment/subscription/createOrder 200 - 258 bytes - 335.060 ms
[12-Nov-2025 07:21:58 PM] 🟢 OPTIONS /payment/subscription/verify 204 - 0 bytes - 0.214 ms
[12-Nov-2025 07:21:58 PM] 🟢 POST /payment/subscription/verify 200 - 137 bytes - 33.863 ms
[12-Nov-2025 07:21:58 PM] 🟢 OPTIONS /service-providers/ 204 - 0 bytes - 0.108 ms
[12-Nov-2025 07:21:58 PM] 🟢 GET /service-providers/ 201 - 3435 bytes - 9.683 ms
[12-Nov-2025 07:28:00 PM] 🟢 OPTIONS /service-providers/ 204 - 0 bytes - 1.514 ms
[12-Nov-2025 07:28:00 PM] 🟢 OPTIONS /service-providers/subscription-plans 204 - 0 bytes - 0.278 ms
[12-Nov-2025 07:28:00 PM] 🔴 GET /service-providers/ 401 - 52 bytes - 10.543 ms
[12-Nov-2025 07:28:00 PM] 🟡 GET /service-providers/subscription-plans 304 - - bytes - 44.970 ms
[12-Nov-2025 07:28:00 PM] 🟡 GET /banners/active 304 - - bytes - 39.751 ms
[12-Nov-2025 07:28:00 PM] 🟢 OPTIONS /coupons/featured?skip=0 204 - 0 bytes - 0.215 ms
[12-Nov-2025 07:28:00 PM] 🟢 OPTIONS /refresh-token 204 - 0 bytes - 0.172 ms
[12-Nov-2025 07:28:00 PM] 🟢 OPTIONS /coupons/featured?skip=0 204 - 0 bytes - 0.156 ms
[12-Nov-2025 07:28:00 PM] 🟡 GET /getactive/services/?limit=3 304 - - bytes - 69.087 ms
[12-Nov-2025 07:28:00 PM] 🟢 OPTIONS /profile 204 - 0 bytes - 0.172 ms
[12-Nov-2025 07:28:00 PM] 🟢 POST /refresh-token 200 - 194 bytes - 27.372 ms
[12-Nov-2025 07:28:00 PM] 🟢 OPTIONS /notification 204 - 0 bytes - 0.144 ms
[12-Nov-2025 07:28:00 PM] 🟡 GET /coupons/featured?skip=0 304 - - bytes - 58.559 ms
[12-Nov-2025 07:28:00 PM] 🔴 GET /profile 401 - 52 bytes - 2.293 ms
[12-Nov-2025 07:28:00 PM] 🔴 GET /notification 401 - 52 bytes - 1.881 ms
[12-Nov-2025 07:28:00 PM] 🟡 GET /coupons/featured?skip=0 304 - - bytes - 14.038 ms
[12-Nov-2025 07:28:00 PM] 🟢 GET /service-providers/ 201 - 2007 bytes - 17.995 ms
[12-Nov-2025 07:28:00 PM] 🟢 POST /refresh-token 200 - 194 bytes - 19.510 ms
[12-Nov-2025 07:28:00 PM] 🟢 POST /refresh-token 200 - 194 bytes - 18.287 ms
[12-Nov-2025 07:28:01 PM] 🟡 GET /profile 304 - - bytes - 24.224 ms
[12-Nov-2025 07:28:01 PM] 🟡 GET /notification 304 - - bytes - 29.168 ms
[12-Nov-2025 07:28:02 PM] 🟢 OPTIONS /service-providers/verify 204 - 0 bytes - 0.357 ms
[12-Nov-2025 07:28:02 PM] 🟡 GET /service-providers/verify 304 - - bytes - 30.362 ms
[12-Nov-2025 07:28:02 PM] 🟢 OPTIONS /service-providers/get-paymentinfo 204 - 0 bytes - 0.772 ms
[12-Nov-2025 07:28:02 PM] 🟢 GET /service-providers/ 201 - 2007 bytes - 23.302 ms
[12-Nov-2025 07:28:02 PM] 🟡 GET /service-providers/get-paymentinfo 304 - - bytes - 20.938 ms
[12-Nov-2025 07:28:07 PM] 🟢 OPTIONS /service/ 204 - 0 bytes - 0.415 ms
[12-Nov-2025 07:28:07 PM] 🟡 GET /service/ 304 - - bytes - 63.777 ms
[12-Nov-2025 07:28:08 PM] 🟢 OPTIONS /service-providers/get-paymentinfo 204 - 0 bytes - 0.254 ms
[12-Nov-2025 07:28:08 PM] 🟡 GET /service-providers/get-paymentinfo 304 - - bytes - 13.209 ms
[12-Nov-2025 07:28:11 PM] 🟢 OPTIONS /service/bookings/serviceprovider?page=0&limit=4 204 - 0 bytes - 0.197 ms
[12-Nov-2025 07:28:11 PM] 🟡 GET /service/bookings/serviceprovider?page=0&limit=4 304 - - bytes - 33.776 ms
[12-Nov-2025 07:28:11 PM] 🟡 GET /service/ 304 - - bytes - 11.876 ms
[12-Nov-2025 07:35:55 PM] 🟢 OPTIONS /service-providers/ 204 - 0 bytes - 0.115 ms
[12-Nov-2025 07:35:55 PM] 🟢 OPTIONS /service-providers/subscription-plans 204 - 0 bytes - 0.251 ms
[12-Nov-2025 07:35:55 PM] 🟢 GET /service-providers/ 201 - 2007 bytes - 15.350 ms
[12-Nov-2025 07:35:55 PM] 🟡 GET /service-providers/subscription-plans 304 - - bytes - 14.292 ms
[12-Nov-2025 07:35:55 PM] 🟡 GET /banners/active 304 - - bytes - 20.908 ms
[12-Nov-2025 07:35:55 PM] 🟢 OPTIONS /coupons/featured?skip=0 204 - 0 bytes - 0.098 ms
[12-Nov-2025 07:35:55 PM] 🟡 GET /getactive/services/?limit=3 304 - - bytes - 30.422 ms
[12-Nov-2025 07:35:55 PM] 🟢 OPTIONS /coupons/featured?skip=0 204 - 0 bytes - 0.105 ms
[12-Nov-2025 07:35:55 PM] 🟢 OPTIONS /profile 204 - 0 bytes - 0.126 ms
[12-Nov-2025 07:35:55 PM] 🟢 OPTIONS /notification 204 - 0 bytes - 0.115 ms
[12-Nov-2025 07:35:55 PM] 🟡 GET /coupons/featured?skip=0 304 - - bytes - 14.165 ms
[12-Nov-2025 07:35:55 PM] 🟡 GET /profile 304 - - bytes - 28.917 ms
[12-Nov-2025 07:35:55 PM] 🟡 GET /notification 304 - - bytes - 20.170 ms
[12-Nov-2025 07:35:55 PM] 🟡 GET /coupons/featured?skip=0 304 - - bytes - 9.488 ms
[12-Nov-2025 07:35:57 PM] 🟡 GET /coupons/featured?skip=0 304 - - bytes - 9.130 ms
[12-Nov-2025 07:35:57 PM] 🟡 GET /coupons/featured?skip=0 304 - - bytes - 6.096 ms
[12-Nov-2025 07:36:03 PM] 🟢 OPTIONS /service-providers/ 204 - 0 bytes - 0.113 ms
[12-Nov-2025 07:36:03 PM] 🟢 OPTIONS /service/ 204 - 0 bytes - 0.146 ms
[12-Nov-2025 07:36:03 PM] 🟢 GET /service-providers/ 201 - 2007 bytes - 9.229 ms
[12-Nov-2025 07:36:03 PM] 🟡 GET /service/ 304 - - bytes - 10.408 ms
[12-Nov-2025 07:36:20 PM] 🟢 OPTIONS /coupons/featured?skip=0 204 - 0 bytes - 0.102 ms
[12-Nov-2025 07:36:20 PM] 🟡 GET /getactive/services/?limit=3 304 - - bytes - 13.187 ms
[12-Nov-2025 07:36:20 PM] 🟡 GET /banners/active 304 - - bytes - 16.203 ms
[12-Nov-2025 07:36:20 PM] 🟢 OPTIONS /coupons/featured?skip=0 204 - 0 bytes - 0.105 ms
[12-Nov-2025 07:36:20 PM] 🟢 OPTIONS /notification 204 - 0 bytes - 0.124 ms
[12-Nov-2025 07:36:20 PM] 🟡 GET /coupons/featured?skip=0 304 - - bytes - 13.961 ms
[12-Nov-2025 07:36:20 PM] 🟡 GET /notification 304 - - bytes - 18.022 ms
[12-Nov-2025 07:36:20 PM] 🟡 GET /coupons/featured?skip=0 304 - - bytes - 8.452 ms
[12-Nov-2025 07:36:24 PM] 🟢 OPTIONS /profile 204 - 0 bytes - 2.140 ms
[12-Nov-2025 07:36:24 PM] 🟡 GET /banners/active 304 - - bytes - 53.101 ms
[12-Nov-2025 07:36:24 PM] 🟡 GET /getactive/services/?limit=3 304 - - bytes - 66.794 ms
[12-Nov-2025 07:36:24 PM] 🟡 GET /coupons/featured?skip=0 304 - - bytes - 62.208 ms
[12-Nov-2025 07:36:24 PM] 🟡 GET /notification 304 - - bytes - 54.184 ms
[12-Nov-2025 07:36:24 PM] 🟡 GET /coupons/featured?skip=0 304 - - bytes - 22.063 ms
[12-Nov-2025 07:36:24 PM] 🟡 GET /profile 304 - - bytes - 31.576 ms
[12-Nov-2025 07:36:25 PM] 🟡 GET /coupons/featured?skip=0 304 - - bytes - 5.822 ms
[12-Nov-2025 07:36:25 PM] 🟡 GET /coupons/featured?skip=0 304 - - bytes - 6.954 ms
[12-Nov-2025 09:35:16 PM] 🟢 OPTIONS /service-providers/verify 204 - 0 bytes - 3.508 ms
[12-Nov-2025 09:35:16 PM] 🔴 GET /service-providers/verify 401 - 52 bytes - 55.775 ms
[12-Nov-2025 09:35:16 PM] 🟢 OPTIONS /refresh-token 204 - 0 bytes - 0.116 ms
[12-Nov-2025 09:35:16 PM] 🟢 POST /refresh-token 200 - 194 bytes - 81.435 ms
[12-Nov-2025 09:35:16 PM] 🟡 GET /service-providers/verify 304 - - bytes - 29.115 ms
[12-Nov-2025 09:35:16 PM] 🟢 OPTIONS /service-providers/ 204 - 0 bytes - 0.092 ms
[12-Nov-2025 09:35:16 PM] 🟢 OPTIONS /service-providers/get-paymentinfo 204 - 0 bytes - 0.142 ms
[12-Nov-2025 09:35:16 PM] 🟢 GET /service-providers/ 201 - 2007 bytes - 40.425 ms
[12-Nov-2025 09:35:16 PM] 🟡 GET /service-providers/get-paymentinfo 304 - - bytes - 67.452 ms
[12-Nov-2025 09:35:24 PM] 🟢 OPTIONS /service-providers/get-paymentinfo 204 - 0 bytes - 0.148 ms
[12-Nov-2025 09:35:24 PM] 🟡 GET /service-providers/get-paymentinfo 304 - - bytes - 4.014 ms
[12-Nov-2025 09:35:25 PM] 🟢 OPTIONS /service/ 204 - 0 bytes - 0.141 ms
[12-Nov-2025 09:35:25 PM] 🟡 GET /service/ 304 - - bytes - 19.596 ms
[12-Nov-2025 09:35:25 PM] 🟢 OPTIONS /service/bookings/serviceprovider?page=0&limit=4 204 - 0 bytes - 0.130 ms
[12-Nov-2025 09:35:25 PM] 🟡 GET /service/bookings/serviceprovider?page=0&limit=4 304 - - bytes - 33.105 ms
[12-Nov-2025 09:35:26 PM] 🟢 OPTIONS /payment/service-provider/ 204 - 0 bytes - 0.115 ms
[12-Nov-2025 09:35:26 PM] 🟡 GET /payment/service-provider/ 304 - - bytes - 37.251 ms
[12-Nov-2025 09:35:27 PM] 🟡 GET /service/ 304 - - bytes - 16.100 ms
[12-Nov-2025 09:35:29 PM] 🟡 GET /service/bookings/serviceprovider?page=0&limit=4 304 - - bytes - 5.937 ms
[12-Nov-2025 09:35:29 PM] 🟡 GET /payment/service-provider/ 304 - - bytes - 6.138 ms
[12-Nov-2025 09:35:30 PM] 🟡 GET /service/bookings/serviceprovider?page=0&limit=4 304 - - bytes - 16.759 ms
[12-Nov-2025 09:35:30 PM] 🟢 OPTIONS /service/ 204 - 0 bytes - 0.125 ms
[12-Nov-2025 09:35:30 PM] 🟡 GET /service/ 304 - - bytes - 4.709 ms
[12-Nov-2025 09:35:31 PM] 🟢 OPTIONS /service-providers/get-paymentinfo 204 - 0 bytes - 0.153 ms
[12-Nov-2025 09:35:31 PM] 🟡 GET /service-providers/get-paymentinfo 304 - - bytes - 6.011 ms
[12-Nov-2025 09:35:32 PM] 🟡 GET /service/ 304 - - bytes - 7.701 ms
[12-Nov-2025 09:35:32 PM] 🟢 OPTIONS /payment/service-provider/ 204 - 0 bytes - 0.091 ms
[12-Nov-2025 09:35:32 PM] 🟡 GET /payment/service-provider/ 304 - - bytes - 6.714 ms
[12-Nov-2025 09:35:35 PM] 🟢 OPTIONS /service-providers/ 204 - 0 bytes - 0.146 ms
[12-Nov-2025 09:35:35 PM] 🟡 GET /payment/service-provider/ 304 - - bytes - 7.919 ms
[12-Nov-2025 09:35:35 PM] 🟢 GET /service-providers/ 201 - 2007 bytes - 9.465 ms
[12-Nov-2025 09:35:38 PM] 🟢 OPTIONS /payment/service-provider/ 204 - 0 bytes - 0.124 ms
[12-Nov-2025 09:35:38 PM] 🟢 GET /service-providers/ 201 - 2007 bytes - 18.170 ms
[12-Nov-2025 09:35:38 PM] 🟡 GET /payment/service-provider/ 304 - - bytes - 5.040 ms
[12-Nov-2025 09:35:39 PM] 🟢 OPTIONS /service-providers/ai-assistance/providers/6912e29c0048a5bae03d4fc8/chats 204 - 0 bytes - 0.131 ms
[12-Nov-2025 09:35:39 PM] 🟡 GET /service-providers/ai-assistance/providers/6912e29c0048a5bae03d4fc8/chats 304 - - bytes - 18.543 ms
[12-Nov-2025 09:35:39 PM] 🟢 OPTIONS /chat/chats 204 - 0 bytes - 0.223 ms
[12-Nov-2025 09:35:39 PM] 🟢 POST /chat/chats 200 - 2 bytes - 18.341 ms
[12-Nov-2025 09:35:40 PM] 🟡 GET /service-providers/ai-assistance/providers/6912e29c0048a5bae03d4fc8/chats 304 - - bytes - 3.681 ms
[12-Nov-2025 09:35:41 PM] 🟢 POST /chat/chats 200 - 2 bytes - 4.688 ms
[12-Nov-2025 09:35:42 PM] 🟡 GET /service-providers/ai-assistance/providers/6912e29c0048a5bae03d4fc8/chats 304 - - bytes - 6.267 ms
[12-Nov-2025 09:35:43 PM] 🟢 OPTIONS /payment/service-provider/ 204 - 0 bytes - 0.170 ms
[12-Nov-2025 09:35:43 PM] 🟡 GET /payment/service-provider/ 304 - - bytes - 6.842 ms
[12-Nov-2025 09:35:45 PM] 🟢 OPTIONS /service-providers/ 204 - 0 bytes - 0.160 ms
[12-Nov-2025 09:35:45 PM] 🟡 GET /payment/service-provider/ 304 - - bytes - 10.615 ms
[12-Nov-2025 09:35:45 PM] 🟢 GET /service-providers/ 201 - 2007 bytes - 10.587 ms
